Workbook
Name Index: 'Muc luc'!$A$1

Sheet Muc luc
A1: DANH SACH CAC SHEET | C1: Ấn vào tên lớp để nhảy ra sheet danh sách | F1: Ấn vào logo VIAGS để trở về mục lục
A2: STT | B2: Lớp học | C2: Ngày học | D2: Địa điểm | E2: Giáo viên
A3: 1 | B3: ='1'!$D$7 -> 0 | C3: ='1'!$D$9 -> Từ 17/8/2026 | D3: ='1'!$D$10 -> VNBA | E3: ='1'!$D$11 -> 0
A4: 2 | B4: ='2'!$D$7 -> 0 | C4: ='2'!$D9 -> C17/8/2026 | D4: ='2'!$D$10 -> VNBA | E4: ='2'!$D$11 -> 0
A5: 3 | B5: ='3'!$D$7 -> 0 | C5: ='3'!$D9 -> 18/8/2026 | D5: ='3'!$D$10 -> VNBA | E5: ='3'!$D$11 -> 0
A6: 4 | B6: ='4'!$D$7 -> 0 | C6: ='4'!$D9 -> 19/8/2026 | D6: ='4'!$D$10 -> TTĐT | E6: ='4'!$D$11 -> 0
A7: 5 | B7: ='5'!$D$7 -> 0 | C7: ='5'!$D$9 -> S18/8/2026 | D7: ='5'!$D$10 -> VNBA | E7: ='5'!$D$11 -> 0
A8: 6 | B8: ='6'!$D$7 -> 0 | C8: ='6'!$D$9 -> C18/8/2026 | D8: ='6'!$D$10 -> VNBA | E8: ='6'!$D$11 -> 0
A9: 7 | B9: ='7'!$D$7 -> 0 | C9: ='7'!$D$9 -> S18/8/2026 | D9: ='7'!$D$10 -> TTĐT | E9: ='7'!$D$11 -> 0
A10: 8 | B10: ='8'!$D$7 -> 0 | C10: ='8'!$D$9 -> S18/8/2026 | D10: ='8'!$D$10 -> TTĐT | E10: ='8'!$D$11 -> 0
A11: 9 | B11: ='9'!$D$7 -> 0 | C11: ='9'!$D$9 -> S17/8/2026 | D11: ='9'!$D$10 -> TTĐT | E11: ='9'!$D$11 -> 0
A12: 10 | B12: ='10'!$D$7 -> 0 | C12: ='10'!$D$9 -> C17/8/2026 | D12: ='10'!$D$10 -> TTĐT | E12: ='10'!$D$11 -> 0
A13: 11 | B13: ='11'!$D$7 -> 0 | C13: ='11'!$D$9 -> S18/8/2026 | D13: ='11'!$D$10 -> TTĐT | E13: ='11'!$D$11 -> 0
A14: 12 | B14: ='12'!$D$7 -> 0 | C14: ='12'!$D$9 -> S17/8/2026 | D14: ='12'!$D$10 -> TTĐT | E14: ='12'!$D$11 -> 0
A15: 13 | B15: ='13'!$D$7 -> 0 | C15: ='13'!$D$9 -> S21/8/2026 | D15: ='13'!$D$10 -> TTĐT | E15: ='13'!$D$11 -> 0
A16: 14 | B16: ='14'!$D$7 -> 0 | C16: ='14'!$D$9 -> 19/8/2026 | D16: ='14'!$D$10 -> TTĐT | E16: ='14'!$D$11 -> 0
A17: 15 | B17: ='15'!$D$7 -> 0 | C17: ='15'!$D$9 -> 20/8/2026 | D17: ='15'!$D$10 -> TTĐT | E17: ='15'!$D$11 -> 0
A18: 16 | B18: ='16'!$D$7 -> 0 | C18: ='16'!$D$9 -> C21/8/2026 | D18: ='16'!$D$10 -> TTĐT | E18: ='16'!$D$11 -> 0
A19: 17 | B19: ='17'!$D$7 -> 0 | C19: ='17'!$D$9 -> C17/8/2026 | D19: ='17'!$D$10 -> TTĐT | E19: ='17'!$D11 -> 0
A20: 18 | B20: ='18'!$D$7 -> 0 | C20: ='18'!$D$9 -> S17/8/2026 | D20: ='18'!$D$10 -> TTĐT | E20: ='18'!$D$11 -> 0
A21: 19 | B21: ='19'!$D$7 -> 0 | C21: ='19'!$D$9 -> 18/8/2026 | D21: ='19'!$D$10 -> VNBA | E21: ='19'!$D$11 -> 0
A22: 20 | B22: ='20'!$D$7 -> 0 | C22: ='20'!$D$9 -> C20/8/2026 | D22: ='20'!$D$10 -> TTĐT | E22: ='20'!$D$11 -> 0
A23: 21 | B23: ='21'!$D$7 -> 0 | C23: ='21'!$D$9 -> 17/8/2026 | D23: ='21'!$D$10 -> VNBA | E23: ='21'!$D$11 -> 0
A24: 22 | B24: ='22'!$D$7 -> 0 | C24: ='22'!$D$9 -> 17-19/8/2026 | D24: ='22'!$D$10 -> TTĐT | E24: ='22'!$D$11 -> 0
A25: 23 | B25: ='23'!$D$7 -> 0 | C25: ='23'!$D$9 -> 20-S21/8/2026 | D25: ='23'!$D$10 -> TTĐT | E25: ='23'!$D$11 -> 0
A26: 24 | B26: ='24'!$D$7 -> 0 | C26: ='24'!$D$9 -> S18/8/2026 | D26: ='24'!$D$10 -> TTĐT | E26: ='24'!$D$11 -> 0
A27: 25 | B27: ='25'!$D$7 -> 0 | C27: ='25'!$D$9 -> C18/8/2026 | D27: ='25'!$D$10 -> TTĐT | E27: ='25'!$D$11 -> 0
A28: 26 | B28: ='26'!$D$7 -> 0 | C28: ='26'!$D$9 -> 20-S21/8/2026 | D28: ='26'!$D$10 -> VNBA | E28: ='26'!$D$11 -> 0
A29: 27 | B29: ='27'!$D$7 -> 0 | C29: ='27'!$D$9 -> C18/8/2026 | D29: ='27'!$D$10 -> TTĐT | E29: ='27'!$D$11 -> 0
A30: 28 | B30: ='28'!$D$7 -> 0 | C30: ='28'!$D$9 -> C20/8/2026 | D30: ='28'!$D$10 -> TTĐT | E30: ='28'!$D$11 -> 0
A31: 29 | B31: ='29'!$D$7 -> 0 | C31: ='29'!$D$9 -> 19/8/2026 | D31: ='29'!$D$10 -> TTĐT | E31: ='29'!$D$11 -> 0
A32: 30 | B32: ='30'!$D$7 -> 0 | C32: ='30'!$D$9 -> 20/8/2026 | D32: ='30'!$D$10 -> TTĐT | E32: ='30'!$D$11 -> 0
A33: 31 | B33: ='31'!$D$7 -> 0 | C33: ='31'!$D$9 -> S18/8/2026 | D33: ='31'!$D$10 -> TTĐT | E33: ='31'!$D$11 -> 0
A34: 32 | B34: ='32'!$D$7 -> 0 | C34: ='32'!$D$9 -> S18/8/2026 | D34: ='32'!$D$10 -> TTĐT | E34: ='32'!$D$11 -> 0
A35: 33 | B35: ='33'!$D$7 -> 0 | C35: ='33'!$D$9 -> C18/8/2026 | D35: ='33'!$D$10 -> TTĐT | E35: ='33'!$D$11 -> 0
A36: 34 | B36: ='34'!$D$7 -> 0 | C36: ='34'!$D$9 -> C18/8/2026 | D36: ='34'!$D$10 -> TTĐT | E36: ='34'!$D$11 -> 0
A37: 35 | B37: ='35'!$D$7 -> 0 | C37: ='35'!$D$9 -> C17/8/2026 | D37: ='35'!$D$10 -> VNBA | E37: ='35'!$D$11 -> 0
A38: 36 | B38: ='36'!$D$7 -> 0 | C38: ='36'!$D$9 -> C18/8/2026 | D38: ='36'!$D$10 -> VNBA | E38: ='36'!$D$11 -> 0
A39: 37 | B39: ='37'!$D$7 -> 0 | C39: ='37'!$D$9 -> C21/8/2026 | D39: ='37'!$D$10 -> VNBA | E39: ='37'!$D$11 -> 0
A40: 38 | B40: ='38'!$D$7 -> 0 | C40: ='38'!$D$9 -> 19/8/2026 | D40: ='38'!$D$10 -> TTĐT | E40: ='38'!$D$11 -> 0
A41: 39 | B41: ='39'!$D$7 -> 0 | C41: ='39'!$D$9 -> 20-22/8/2026 | D41: ='39'!$D$10 -> VNBA | E41: ='39'!$D$11 -> 0
A42: 40 | B42: ='40'!$D$7 -> 0 | C42: ='40'!$D$9 -> 24/8/2026 | D42: ='40'!$D$10 -> VNBA | E42: ='40'!$D$11 -> 0
A43: 41 | B43: ='41'!$D$7 -> 0 | C43: ='41'!$D$9 -> 0 | D43: ='41'!$D$10 -> TTĐT | E43: ='41'!$D$11 -> 0
A44: 42 | B44: ='42'!$D$7 -> 0 | C44: ='42'!$D$9 -> 0 | D44: ='42'!$D$10 -> TTĐT | E44: ='42'!$D$11 -> 0
A45: 43 | B45: ='43'!$D$7 -> 0 | C45: ='43'!$D$9 -> 0 | D45: ='43'!$D$10 -> TTĐT | E45: ='43'!$D$11 -> 0
A46: 44 | B46: ='44'!$D$7 -> 0 | C46: ='44'!$D$9 -> 0 | D46: ='44'!$D$10 -> TTĐT | E46: ='44'!$D$11 -> 0
A47: 45 | B47: ='45'!$D$7 -> 0 | C47: ='45'!$D$9 -> 0 | D47: ='45'!$D$10 -> TTĐT | E47: ='45'!$D$11 -> 0
A48: 46 | B48: ='46'!$D$7 -> 0 | C48: ='46'!$D$9 -> 0 | D48: ='46'!$D$10 -> TTĐT | E48: ='46'!$D$11 -> 0
A49: 47 | B49: ='47'!$D$7 -> 0 | C49: ='47'!$D$9 -> 0 | D49: ='47'!$D$10 -> TTĐT | E49: ='47'!$D$11 -> 0
A50: 48 | B50: ='48'!$D$7 -> 0 | C50: ='48'!$D$9 -> 0 | D50: ='48'!$D$10 -> TTĐT | E50: ='48'!$D$11 -> 0
A51: 49 | B51: ='49'!$D$7 -> 0 | C51: ='49'!$D$9 -> 0 | D51: ='49'!$D$10 -> TTĐT | E51: ='49'!$D$11 -> 0
A52: 50 | B52: ='50'!$D$7 -> 0 | C52: ='50'!$D$9 -> 0 | D52: ='50'!$D$10 -> TTĐT | E52: ='50'!$D$11 -> 0
A53: 51 | B53: ='51'!$D$7 -> 0 | C53: ='51'!$D$9 -> 0 | D53: ='51'!$D$10 -> TTĐT | E53: ='51'!$D$11 -> 0
A54: 52 | B54: ='52'!$D$7 -> 0 | C54: ='52'!$D$9 -> 0 | D54: ='52'!$D$10 -> TTĐT | E54: ='52'!$D$11 -> 0
A55: 53 | B55: ='53'!$D$7 -> 0 | C55: ='53'!$D$9 -> 0 | D55: ='53'!$D$10 -> TTĐT | E55: ='53'!$D$11 -> 0
A56: 54 | B56: ='54'!$D$7 -> 0 | C56: ='54'!$D$9 -> 0 | D56: ='54'!$D$10 -> TTĐT | E56: ='54'!$D$11 -> 0
A57: 55 | B57: ='55'!$D$7 -> 0 | C57: ='55'!$D$9 -> 0 | D57: ='55'!$D$10 -> TTĐT | E57: ='55'!$D$11 -> 0
A58: 56 | B58: ='56'!$D$7 -> 0 | C58: ='56'!$D$9 -> 0 | D58: ='56'!$D$10 -> TTĐT | E58: ='56'!$D$11 -> 0
A59: 57 | B59: ='57'!$D$7 -> 0 | C59: ='57'!$D$9 -> 0 | D59: ='57'!$D$10 -> TTĐT | E59: ='57'!$D$11 -> 0
A60: 58 | B60: ='58'!$D$7 -> 0 | C60: ='58'!$D$9 -> 0 | D60: ='58'!$D$10 -> TTĐT | E60: ='58'!$D$11 -> 0
A61: 59 | B61: ='59'!$D$7 -> 0 | C61: ='59'!$D$9 -> 0 | D61: ='59'!$D$10 -> TTĐT | E61: ='59'!$D$11 -> 0
A62: 60 | B62: ='60'!$D$7 -> 0 | C62: ='60'!$D$9 -> 0 | D62: ='60'!$D$10 -> TTĐT | E62: ='60'!$D$11 -> 0
A63: 61 | B63: ='61'!$D$7 -> 0 | C63: ='61'!$D$9 -> 0 | D63: ='61'!$D$10 -> TTĐT MB | E63: ='61'!$D$11 -> 0
A64: 62 | B64: ='62'!$D$7 -> 0 | C64: ='62'!$D$9 -> 0 | D64: ='62'!$D$10 -> TTĐT MB | E64: ='62'!$D$11 -> 0
A65: 63 | B65: ='63'!$D$7 -> 0 | C65: ='63'!$D$9 -> 0 | D65: ='63'!$D$10 -> TTĐT MB | E65: ='63'!$D$11 -> 0
A66: 64 | B66: ='64'!$D$7 -> 0 | C66: ='64'!$D$9 -> 0 | D66: ='64'!$D$10 -> TTĐT MB | E66: ='64'!$D$11 -> 0
A67: 65 | B67: ='65'!$D$7 -> 0 | C67: ='65'!$D$9 -> 0 | D67: ='65'!$D$10 -> TTĐT MB | E67: ='65'!$D$11 -> 0
A68: 66 | B68: ='66'!$D$7 -> 0 | C68: ='66'!$D$9 -> 0 | D68: ='66'!$D$10 -> TTĐT MB | E68: ='66'!$D$11 -> 0
A69: 67 | B69: ='67'!$D$7 -> 0 | C69: ='67'!$D$9 -> 0 | D69: ='67'!$D$10 -> TTĐT MB | E69: ='67'!$D$11 -> 0
A70: 68 | B70: ='68'!$D$7 -> 0 | C70: ='68'!$D$9 -> 0 | D70: ='68'!$D$10 -> TTĐT MB | E70: ='68'!$D$11 -> 0
A71: 69 | B71: ='69'!$D$7 -> 0 | C71: ='69'!$D$9 -> 0 | D71: ='69'!$D$10 -> TTĐT MB | E71: ='69'!$D$11 -> 0
A72: 70 | B72: ='70'!$D$7 -> 0 | C72: ='70'!$D$9 -> 0 | D72: ='70'!$D$10 -> TTĐT MB | E72: ='70'!$D$11 -> 0
A73: 71 | B73: ='71'!$D$7 -> 0 | C73: ='71'!$D$9 -> 0 | D73: ='71'!$D$10 -> TTĐT MB | E73: ='71'!$D$11 -> 0
A74: 72 | B74: ='72'!$D$7 -> 0 | C74: ='72'!$D$9 -> 0 | D74: ='72'!$D$10 -> TTĐT MB | E74: ='72'!$D$11 -> 0
A75: 73 | B75: ='73'!$D$7 -> 0 | C75: ='73'!$D$9 -> 0 | D75: ='73'!$D$10 -> TTĐT MB | E75: ='73'!$D$11 -> 0
A76: 74 | B76: ='74'!$D$7 -> 0 | C76: ='74'!$D$9 -> 0 | D76: ='74'!$D$10 -> TTĐT MB | E76: ='74'!$D$11 -> 0
A77: 75 | B77: ='75'!$D$7 -> 0 | C77: ='75'!$D$9 -> 0 | D77: ='75'!$D$10 -> TTĐT MB | E77: ='75'!$D$11 -> 0
A78: 76 | B78: ='76'!$D$7 -> 0 | C78: ='76'!$D$9 -> 0 | D78: ='76'!$D$10 -> TTĐT MB | E78: ='76'!$D$11 -> 0
A79: 77 | B79: ='77'!$D$7 -> 0 | C79: ='77'!$D$9 -> 0 | D79: ='77'!$D$10 -> TTĐT MB | E79: ='77'!$D$11 -> 0
A80: 78 | B80: ='78'!$D$7 -> 0 | C80: ='78'!$D$9 -> 0 | D80: ='78'!$D$10 -> TTĐT MB | E80: ='78'!$D$11 -> 0
A81: 79 | B81: ='79'!$D$7 -> 0 | C81: ='79'!$D$9 -> 0 | D81: ='79'!$D$10 -> TTĐT MB | E81: ='79'!$D$11 -> 0
A82: 80 | B82: ='80'!$D$7 -> 0 | C82: ='80'!$D$9 -> 0 | D82: ='80'!$D$10 -> TTĐT MB | E82: ='80'!$D$11 -> 0

Sheet 1
E2: DANH SÁCH HỌC VIÊN | J2: Biểu mẫu | N2: Mã số: V.TMM-F10
J3: ĐIỂM DANH HỌC VIÊN | N3: Ban hành: 04
N4: Hiệu lực: 28/12/2024
N5: Trang: 1/1
B7: - Môn/Khóa học: | G7: - Môn/Khóa học: | I7: =D7 -> 0
B8: - Loại hình/hình thức đào tạo: Ban đầu/Trực tiếp | G8: =B8 -> - Loại hình/hình thức đào tạo: Ban đầu/Trực tiếp
B9: - Thời gian: | D9: Từ 17/8/2026 | G9: =B9 -> - Thời gian: | I9: =D9 -> Từ 17/8/2026
B10: - Địa điểm: | D10: VNBA | G10: =B10 -> - Địa điểm: | I10: =D10 -> VNBA
B11: - Giáo viên: | G11: - Số học viên tham dự/tổng số học viên: | K11: =COUNTIF($L$14:$L32,"x")&"/"&COUNTA($L$14:$L32) -> 0/0
B12: STT | C12: Mã NV | D12: Họ tên | E12: Đơn vị | F12: Ghi chú | G12: STT | H12: Mã nhân viên | I12: Họ tên | K12: Đơn vị | L12: Ngày | M12: Ngày | N12: Ngày | O12: Ghi chú
L13: =I9 -> Từ 17/8/2026
B14: =ROW()-13 -> 1 | G14: =B14 -> 1 | H14: =C14 -> 0 | I14: =D14 -> 0 | K14: =E14 -> 0
B15: =ROW()-13 -> 2 | G15: =B15 -> 2 | H15: =C15 -> 0 | I15: =D15 -> 0 | K15: =E15 -> 0
B16: =ROW()-13 -> 3 | G16: =B16 -> 3 | H16: =C16 -> 0 | I16: =D16 -> 0 | K16: =E16 -> 0
B17: =ROW()-13 -> 4 | G17: =B17 -> 4 | H17: =C17 -> 0 | I17: =D17 -> 0 | K17: =E17 -> 0
B18: =ROW()-13 -> 5 | G18: =B18 -> 5 | H18: =C18 -> 0 | I18: =D18 -> 0 | K18: =E18 -> 0
C19: P.Trưởng Trung tâm đào tạo | F19: Người lập | H19: Chữ ký giáo viên:
G21: Lưu ý:
G22: - Giáo viên điểm danh theo ngày và đánh dấu: X: có mặt; V: vắng mặt
C23: Ngô Trung Thành | F23: Nguyễn Cao Bình | G23: - Trang thiết bị thực hành (áp dụng đối với nội dung thực hành Nghiệp vụ điều khiển/vận hành thiết bị):
G24: …………………………………………………………………………………............................................

Sheet 2
E2: DANH SÁCH HỌC VIÊN | J2: Biểu mẫu | N2: Mã số: V.TMM-F10
J3: ĐIỂM DANH HỌC VIÊN | N3: Ban hành: 04
N4: Hiệu lực: 28/12/2024
N5: Trang: 1/1
B7: - Môn/Khóa học: | G7: - Môn/Khóa học: | I7: =D7 -> 0
B8: - Loại hình/hình thức đào tạo: Ban đầu/Trực tiếp | G8: =B8 -> - Loại hình/hình thức đào tạo: Ban đầu/Trực tiếp
B9: - Thời gian: | D9: C17/8/2026 | G9: =B9 -> - Thời gian: | I9: =D9 -> C17/8/2026
B10: - Địa điểm: | D10: VNBA | G10: =B10 -> - Địa điểm: | I10: =D10 -> VNBA
B11: - Giáo viên: | G11: - Số học viên tham dự/tổng số học viên: | K11: =COUNTIF($L$14:$L31,"x")&"/"&COUNTA($L$14:$L31) -> 0/0
B12: STT | C12: Mã NV | D12: Họ tên | E12: Đơn vị | F12: Ghi chú | G12: STT | H12: Mã nhân viên | I12: Họ tên | K12: Đơn vị | L12: Ngày | M12: Ngày | N12: Ngày | O12: Ghi chú
L13: =I9 -> C17/8/2026
B14: =ROW()-13 -> 1 | G14: =B14 -> 1 | H14: =C14 -> 0 | I14: =D14 -> 0 | K14: =E14 -> 0
B15: =ROW()-13 -> 2 | G15: =B15 -> 2 | H15: =C15 -> 0 | I15: =D15 -> 0 | K15: =E15 -> 0
B16: =ROW()-13 -> 3 | G16: =B16 -> 3 | H16: =C16 -> 0 | I16: =D16 -> 0 | K16: =E16 -> 0
B17: =ROW()-13 -> 4 | G17: =B17 -> 4 | H17: =C17 -> 0 | I17: =D17 -> 0 | K17: =E17 -> 0
C18: P.Trưởng Trung tâm đào tạo | F18: Người lập | H18: Chữ ký giáo viên:
G20: Lưu ý:
G21: - Giáo viên điểm danh theo ngày và đánh dấu: X: có mặt; V: vắng mặt
C22: Ngô Trung Thành | F22: Nguyễn Cao Bình | G22: - Trang thiết bị thực hành (áp dụng đối với nội dung thực hành Nghiệp vụ điều khiển/vận hành thiết bị):
G23: …………………………………………………………………………………............................................

Sheet 3
E2: DANH SÁCH HỌC VIÊN | J2: Biểu mẫu | N2: Mã số: V.TMM-F10
J3: ĐIỂM DANH HỌC VIÊN | N3: Ban hành: 04
N4: Hiệu lực: 28/12/2024
N5: Trang: 1/1
B7: - Môn/Khóa học: | G7: - Môn/Khóa học: | I7: =D7 -> 0
B8: - Loại hình/hình thức đào tạo: Ban đầu/Trực tiếp | G8: =B8 -> - Loại hình/hình thức đào tạo: Ban đầu/Trực tiếp
B9: - Thời gian: | D9: 18/8/2026 | G9: =B9 -> - Thời gian: | I9: =D9 -> 18/8/2026
B10: - Địa điểm: | D10: VNBA | G10: =B10 -> - Địa điểm: | I10: =D10 -> VNBA
B11: - Giáo viên: | G11: - Số học viên tham dự/tổng số học viên: | K11: =COUNTIF($L$14:$L31,"x")&"/"&COUNTA($L$14:$L31) -> 0/0
B12: STT | C12: Mã NV | D12: Họ tên | E12: Đơn vị | F12: Ghi chú | G12: STT | H12: Mã nhân viên | I12: Họ tên | K12: Đơn vị | L12: Ngày | M12: Ngày | N12: Ngày | O12: Ghi chú
L13: =I9 -> 18/8/2026
B14: =ROW()-13 -> 1 | G14: =B14 -> 1 | H14: =C14 -> 0 | I14: =D14 -> 0 | K14: =E14 -> 0
B15: =ROW()-13 -> 2 | G15: =B15 -> 2 | H15: =C15 -> 0 | I15: =D15 -> 0 | K15: =E15 -> 0
B16: =ROW()-13 -> 3 | G16: =B16 -> 3 | H16: =C16 -> 0 | I16: =D16 -> 0 | K16: =E16 -> 0
B17: =ROW()-13 -> 4 | G17: =B17 -> 4 | H17: =C17 -> 0 | I17: =D17 -> 0 | K17: =E17 -> 0
C18: P.Trưởng Trung tâm đào tạo | F18: Người lập | H18: Chữ ký giáo viên:
G20: Lưu ý:
G21: - Giáo viên điểm danh theo ngày và đánh dấu: X: có mặt; V: vắng mặt
C22: Ngô Trung Thành | F22: Nguyễn Cao Bình | G22: - Trang thiết bị thực hành (áp dụng đối với nội dung thực hành Nghiệp vụ điều khiển/vận hành thiết bị):
G23: …………………………………………………………………………………............................................

Sheet 4
E2: DANH SÁCH HỌC VIÊN | J2: Biểu mẫu | N2: Mã số: V.TMM-F10
J3: ĐIỂM DANH HỌC VIÊN | N3: Ban hành: 04
N4: Hiệu lực: 28/12/2024
N5: Trang: 1/1
B7: - Môn/Khóa học: | G7: - Môn/Khóa học: | I7: =D7 -> 0
B8: - Loại hình/hình thức đào tạo: Ban đầu/Elearning+Trực tiếp | G8: =B8 -> - Loại hình/hình thức đào tạo: Ban đầu/Elearning+Trực tiếp
B9: - Thời gian: | D9: 19/8/2026 | G9: =B9 -> - Thời gian: | I9: =D9 -> 19/8/2026
B10: - Địa điểm: | D10: TTĐT | G10: =B10 -> - Địa điểm: | I10: =D10 -> TTĐT
B11: - Giáo viên: | G11: - Số học viên tham dự/tổng số học viên: | K11: =COUNTIF($L$14:$L38,"x")&"/"&COUNTA($L$14:$L38) -> 0/0
B12: STT | C12: Mã NV | D12: Họ tên | E12: Đơn vị | F12: Ghi chú | G12: STT | H12: Mã nhân viên | I12: Họ tên | K12: Đơn vị | L12: Ngày | M12: Ngày | N12: Ngày | O12: Ghi chú
L13: =I9 -> 19/8/2026
B14: =ROW()-13 -> 1 | G14: =B14 -> 1 | H14: =C14 -> 0 | I14: =D14 -> 0 | K14: =E14 -> 0
B15: =ROW()-13 -> 2 | G15: =B15 -> 2 | H15: =C15 -> 0 | I15: =D15 -> 0 | K15: =E15 -> 0
B16: =ROW()-13 -> 3 | G16: =B16 -> 3 | H16: =C16 -> 0 | I16: =D16 -> 0 | K16: =E16 -> 0
B17: =ROW()-13 -> 4 | G17: =B17 -> 4 | H17: =C17 -> 0 | I17: =D17 -> 0 | K17: =E17 -> 0
B18: =ROW()-13 -> 5 | G18: =B18 -> 5 | H18: =C18 -> 0 | I18: =D18 -> 0 | K18: =E18 -> 0
B19: =ROW()-13 -> 6 | G19: =B19 -> 6 | H19: =C19 -> 0 | I19: =D19 -> 0 | K19: =E19 -> 0
B20: =ROW()-13 -> 7 | G20: =B20 -> 7 | H20: =C20 -> 0 | I20: =D20 -> 0 | K20: =E20 -> 0
B21: =ROW()-13 -> 8 | G21: =B21 -> 8 | H21: =C21 -> 0 | I21: =D21 -> 0 | K21: =E21 -> 0
B22: =ROW()-13 -> 9 | G22: =B22 -> 9 | H22: =C22 -> 0 | I22: =D22 -> 0 | K22: =E22 -> 0
B23: =ROW()-13 -> 10 | G23: =B23 -> 10 | H23: =C23 -> 0 | I23: =D23 -> 0 | K23: =E23 -> 0
B24: =ROW()-13 -> 11 | G24: =B24 -> 11 | H24: =C24 -> 0 | I24: =D24 -> 0 | K24: =E24 -> 0
C25: P.Trưởng Trung tâm đào tạo | F25: Người lập | H25: Chữ ký giáo viên:
G27: Lưu ý:
G28: - Giáo viên điểm danh theo ngày và đánh dấu: X: có mặt; V: vắng mặt
C29: Ngô Trung Thành | F29: Nguyễn Cao Bình | G29: - Trang thiết bị thực hành (áp dụng đối với nội dung thực hành Nghiệp vụ điều khiển/vận hành thiết bị):
G30: …………………………………………………………………………………............................................

Sheet 5
E2: DANH SÁCH HỌC VIÊN | J2: Biểu mẫu | N2: Mã số: V.TMM-F10
J3: ĐIỂM DANH HỌC VIÊN | N3: Ban hành: 04
N4: Hiệu lực: 28/12/2024
N5: Trang: 1/1
B7: - Môn/Khóa học: | G7: - Môn/Khóa học: | I7: =D7 -> 0
B8: - Loại hình/hình thức đào tạo: Ban đầu/Trực tiếp | G8: =B8 -> - Loại hình/hình thức đào tạo: Ban đầu/Trực tiếp
B9: - Thời gian: | D9: S18/8/2026 | G9: =B9 -> - Thời gian: | I9: =D9 -> S18/8/2026
B10: - Địa điểm: | D10: VNBA | G10: =B10 -> - Địa điểm: | I10: =D10 -> VNBA
B11: - Giáo viên: | G11: - Số học viên tham dự/tổng số học viên: | K11: =COUNTIF($L$14:$L29,"x")&"/"&COUNTA($L$14:$L29) -> 0/0
B12: STT | C12: Mã NV | D12: Họ tên | E12: Đơn vị | F12: Ghi chú | G12: STT | H12: Mã nhân viên | I12: Họ tên | K12: Đơn vị | L12: Ngày | M12: Ngày | N12: Ngày | O12: Ghi chú
L13: =I9 -> S18/8/2026
B14: =ROW()-13 -> 1 | G14: =B14 -> 1 | H14: =C14 -> 0 | I14: =D14 -> 0 | K14: =E14 -> 0
B15: =ROW()-13 -> 2 | G15: =B15 -> 2 | H15: =C15 -> 0 | I15: =D15 -> 0 | K15: =E15 -> 0
C16: P.Trưởng Trung tâm đào tạo | F16: Người lập | H16: Chữ ký giáo viên:
G18: Lưu ý:
G19: - Giáo viên điểm danh theo ngày và đánh dấu: X: có mặt; V: vắng mặt
C20: Ngô Trung Thành | F20: Nguyễn Cao Bình | G20: - Trang thiết bị thực hành (áp dụng đối với nội dung thực hành Nghiệp vụ điều khiển/vận hành thiết bị):
G21: …………………………………………………………………………………............................................

Sheet 6
E2: DANH SÁCH HỌC VIÊN | J2: Biểu mẫu | N2: Mã số: V.TMM-F10
J3: ĐIỂM DANH HỌC VIÊN | N3: Ban hành: 04
N4: Hiệu lực: 28/12/2024
N5: Trang: 1/1
B7: - Môn/Khóa học: | G7: - Môn/Khóa học: | I7: =D7 -> 0
B8: - Loại hình/hình thức đào tạo: Ban đầu/Trực tiếp | G8: =B8 -> - Loại hình/hình thức đào tạo: Ban đầu/Trực tiếp
B9: - Thời gian: | D9: C18/8/2026 | G9: =B9 -> - Thời gian: | I9: =D9 -> C18/8/2026
B10: - Địa điểm: | D10: VNBA | G10: =B10 -> - Địa điểm: | I10: =D10 -> VNBA
B11: - Giáo viên: | G11: - Số học viên tham dự/tổng số học viên: | K11: =COUNTIF($L$16:$L29,"x")&"/"&COUNTA($L$16:$L29) -> 0/0
B12: STT | C12: Mã NV | D12: Họ tên | E12: Đơn vị | F12: Ghi chú | G12: STT | H12: Mã nhân viên | I12: Họ tên | K12: Đơn vị | L12: Ngày | M12: Ngày | N12: Ngày | O12: Ghi chú
L13: =I9 -> C18/8/2026
B14: =ROW()-13 -> 1 | G14: =B14 -> 1 | H14: =C14 -> 0 | I14: =D14 -> 0 | K14: =E14 -> 0
B15: =ROW()-13 -> 2 | G15: =B15 -> 2 | H15: =C15 -> 0 | I15: =D15 -> 0 | K15: =E15 -> 0
C16: P.Trưởng Trung tâm đào tạo | F16: Người lập | H16: Chữ ký giáo viên:
G18: Lưu ý:
G19: - Giáo viên điểm danh theo ngày và đánh dấu: X: có mặt; V: vắng mặt
C20: Ngô Trung Thành | F20: Nguyễn Cao Bình | G20: - Trang thiết bị thực hành (áp dụng đối với nội dung thực hành Nghiệp vụ điều khiển/vận hành thiết bị):
G21: …………………………………………………………………………………............................................

Sheet 7
E2: DANH SÁCH HỌC VIÊN | J2: Biểu mẫu | N2: Mã số: V.TMM-F10
J3: ĐIỂM DANH HỌC VIÊN | N3: Ban hành: 04
N4: Hiệu lực: 28/12/2024
N5: Trang: 1/1
B7: - Môn/Khóa học: | G7: - Môn/Khóa học: | I7: =D7 -> 0
B8: - Loại hình/hình thức đào tạo: Định kỳ/Elearning+Trực tiếp | G8: =B8 -> - Loại hình/hình thức đào tạo: Định kỳ/Elearning+Trực tiếp
B9: - Thời gian: | D9: S18/8/2026 | G9: =B9 -> - Thời gian: | I9: =D9 -> S18/8/2026
B10: - Địa điểm: | D10: TTĐT | G10: =B10 -> - Địa điểm: | I10: =D10 -> TTĐT
B11: - Giáo viên: | G11: - Số học viên tham dự/tổng số học viên: | K11: =COUNTIF($L$14:$L47,"x")&"/"&COUNTA($L$14:$L47) -> 0/0
B12: STT | C12: Mã NV | D12: Họ tên | E12: Đơn vị | F12: Ghi chú | G12: STT | H12: Mã nhân viên | I12: Họ tên | K12: Đơn vị | L12: Ngày | M12: Ngày | N12: Ngày | O12: Ghi chú
L13: =I9 -> S18/8/2026
B14: =ROW()-13 -> 1 | G14: =B14 -> 1 | H14: =C14 -> 0 | I14: =D14 -> 0 | K14: =E14 -> 0
B15: =ROW()-13 -> 2 | G15: =B15 -> 2 | H15: =C15 -> 0 | I15: =D15 -> 0 | K15: =E15 -> 0
B16: =ROW()-13 -> 3 | G16: =B16 -> 3 | H16: =C16 -> 0 | I16: =D16 -> 0 | K16: =E16 -> 0
B17: =ROW()-13 -> 4 | G17: =B17 -> 4 | H17: =C17 -> 0 | I17: =D17 -> 0 | K17: =E17 -> 0
B18: =ROW()-13 -> 5 | G18: =B18 -> 5 | H18: =C18 -> 0 | I18: =D18 -> 0 | K18: =E18 -> 0
B19: =ROW()-13 -> 6 | G19: =B19 -> 6 | H19: =C19 -> 0 | I19: =D19 -> 0 | K19: =E19 -> 0
B20: =ROW()-13 -> 7 | G20: =B20 -> 7 | H20: =C20 -> 0 | I20: =D20 -> 0 | K20: =E20 -> 0
B21: =ROW()-13 -> 8 | G21: =B21 -> 8 | H21: =C21 -> 0 | I21: =D21 -> 0 | K21: =E21 -> 0
B22: =ROW()-13 -> 9 | G22: =B22 -> 9 | H22: =C22 -> 0 | I22: =D22 -> 0 | K22: =E22 -> 0
B23: =ROW()-13 -> 10 | G23: =B23 -> 10 | H23: =C23 -> 0 | I23: =D23 -> 0 | K23: =E23 -> 0
B24: =ROW()-13 -> 11 | G24: =B24 -> 11 | H24: =C24 -> 0 | I24: =D24 -> 0 | K24: =E24 -> 0
B25: =ROW()-13 -> 12 | G25: =B25 -> 12 | H25: =C25 -> 0 | I25: =D25 -> 0 | K25: =E25 -> 0
... B33: =ROW()-13 -> 20 | G33: =B33 -> 20 | H33: =C33 -> 0 | I33: =D33 -> 0 | K33: =E33 -> 0
C34: P.Trưởng Trung tâm đào tạo | F34: Người lập | H34: Chữ ký giáo viên:
G36: Lưu ý:
G37: - Giáo viên điểm danh theo ngày và đánh dấu: X: có mặt; V: vắng mặt
C38: Ngô Trung Thành | F38: Nguyễn Cao Bình | G38: - Trang thiết bị thực hành (áp dụng đối với nội dung thực hành Nghiệp vụ điều khiển/vận hành thiết bị):
G39: …………………………………………………………………………………............................................

Sheet 8
E2: DANH SÁCH HỌC VIÊN | J2: Biểu mẫu | N2: Mã số: V.TMM-F10
J3: ĐIỂM DANH HỌC VIÊN | N3: Ban hành: 04
N4: Hiệu lực: 28/12/2024
N5: Trang: 1/1
B7: - Môn/Khóa học: | G7: - Môn/Khóa học: | I7: =D7 -> 0
B8: - Loại hình/hình thức đào tạo: Định kỳ/Elearning+Trực tiếp | G8: =B8 -> - Loại hình/hình thức đào tạo: Định kỳ/Elearning+Trực tiếp
B9: - Thời gian: | D9: S18/8/2026 | G9: =B9 -> - Thời gian: | I9: =D9 -> S18/8/2026
B10: - Địa điểm: | D10: TTĐT | G10: =B10 -> - Địa điểm: | I10: =D10 -> TTĐT
B11: - Giáo viên: | G11: - Số học viên tham dự/tổng số học viên: | K11: =COUNTIF($L$14:$L47,"x")&"/"&COUNTA($L$14:$L47) -> 17/20
B12: STT | C12: Mã NV | D12: Họ tên | E12: Đơn vị | F12: Ghi chú | G12: STT | H12: Mã nhân viên | I12: Họ tên | K12: Đơn vị | L12: Ngày | M12: Ngày | N12: Ngày | O12: Ghi chú
L13: =I9 -> S18/8/2026
B14: =ROW()-13 -> 1 | G14: =B14 -> 1 | H14: =C14 -> 0 | I14: =D14 -> 0 | K14: =E14 -> 0 | L14: x
B15: =ROW()-13 -> 2 | G15: =B15 -> 2 | H15: =C15 -> 0 | I15: =D15 -> 0 | K15: =E15 -> 0 | L15: x
B16: =ROW()-13 -> 3 | G16: =B16 -> 3 | H16: =C16 -> 0 | I16: =D16 -> 0 | K16: =E16 -> 0 | L16: x
B17: =ROW()-13 -> 4 | G17: =B17 -> 4 | H17: =C17 -> 0 | I17: =D17 -> 0 | K17: =E17 -> 0 | L17: x
B18: =ROW()-13 -> 5 | G18: =B18 -> 5 | H18: =C18 -> 0 | I18: =D18 -> 0 | K18: =E18 -> 0 | L18: v | O18: trùng lịch
B19: =ROW()-13 -> 6 | G19: =B19 -> 6 | H19: =C19 -> 0 | I19: =D19 -> 0 | K19: =E19 -> 0 | L19: v
B20: =ROW()-13 -> 7 | G20: =B20 -> 7 | H20: =C20 -> 0 | I20: =D20 -> 0 | K20: =E20 -> 0 | L20: x
B21: =ROW()-13 -> 8 | G21: =B21 -> 8 | H21: =C21 -> 0 | I21: =D21 -> 0 | K21: =E21 -> 0 | L21: x
B22: =ROW()-13 -> 9 | G22: =B22 -> 9 | H22: =C22 -> 0 | I22: =D22 -> 0 | K22: =E22 -> 0 | L22: x
B23: =ROW()-13 -> 10 | G23: =B23 -> 10 | H23: =C23 -> 0 | I23: =D23 -> 0 | K23: =E23 -> 0 | L23: x
B24: =ROW()-13 -> 11 | G24: =B24 -> 11 | H24: =C24 -> 0 | I24: =D24 -> 0 | K24: =E24 -> 0 | L24: X
B25: =ROW()-13 -> 12 | G25: =B25 -> 12 | H25: =C25 -> 0 | I25: =D25 -> 0 | K25: =E25 -> 0 | L25: x
B26: =ROW()-13 -> 13 | G26: =B26 -> 13 | H26: =C26 -> 0 | I26: =D26 -> 0 | K26: =E26 -> 0 | L26: x
B27: =ROW()-13 -> 14 | G27: =B27 -> 14 | H27: =C27 -> 0 | I27: =D27 -> 0 | K27: =E27 -> 0 | L27: x
B28: =ROW()-13 -> 15 | G28: =B28 -> 15 | H28: =C28 -> 0 | I28: =D28 -> 0 | K28: =E28 -> 0 | L28: x
B29: =ROW()-13 -> 16 | G29: =B29 -> 16 | H29: =C29 -> 0 | I29: =D29 -> 0 | K29: =E29 -> 0 | L29: v | O29: ốm
B30: =ROW()-13 -> 17 | G30: =B30 -> 17 | H30: =C30 -> 0 | I30: =D30 -> 0 | K30: =E30 -> 0 | L30: x
B31: =ROW()-13 -> 18 | G31: =B31 -> 18 | H31: =C31 -> 0 | I31: =D31 -> 0 | K31: =E31 -> 0 | L31: x
B32: =ROW()-13 -> 19 | G32: =B32 -> 19 | H32: =C32 -> 0 | I32: =D32 -> 0 | K32: =E32 -> 0 | L32: x
B33: =ROW()-13 -> 20 | G33: =B33 -> 20 | H33: =C33 -> 0 | I33: =D33 -> 0 | K33: =E33 -> 0 | L33: x
C34: P.Trưởng Trung tâm đào tạo | F34: Người lập | H34: Chữ ký giáo viên:
G36: Lưu ý:
G37: - Giáo viên điểm danh theo ngày và đánh dấu: X: có mặt; V: vắng mặt
C38: Ngô Trung Thành | F38: Nguyễn Cao Bình | G38: - Trang thiết bị thực hành (áp dụng đối với nội dung thực hành Nghiệp vụ điều khiển/vận hành thiết bị):
G39: …………………………………………………………………………………............................................

Sheet 9
E2: DANH SÁCH HỌC VIÊN | J2: Biểu mẫu | N2: Mã số: V.TMM-F10
J3: ĐIỂM DANH HỌC VIÊN | N3: Ban hành: 04
N4: Hiệu lực: 28/12/2024
N5: Trang: 1/1
B7: - Môn/Khóa học: | G7: - Môn/Khóa học: | I7: =D7 -> 0
B8: - Loại hình/hình thức đào tạo: Định kỳ/Elearning+Trực tiếp | G8: =B8 -> - Loại hình/hình thức đào tạo: Định kỳ/Elearning+Trực tiếp
B9: - Thời gian: | D9: S17/8/2026 | G9: =B9 -> - Thời gian: | I9: =D9 -> S17/8/2026
B10: - Địa điểm: | D10: TTĐT | G10: =B10 -> - Địa điểm: | I10: =D10 -> TTĐT
B11: - Giáo viên: | G11: - Số học viên tham dự/tổng số học viên: | K11: =COUNTIF($L$14:$L42,"x")&"/"&COUNTA($L$14:$L42) -> 15/15
B12: STT | C12: Mã NV | D12: Họ tên | E12: Đơn vị | F12: Ghi chú | G12: STT | H12: Mã nhân viên | I12: Họ tên | K12: Đơn vị | L12: Ngày | M12: Ngày | N12: Ngày | O12: Ghi chú
L13: =I9 -> S17/8/2026
B14: =ROW()-13 -> 1 | G14: =B14 -> 1 | H14: =C14 -> 0 | I14: =D14 -> 0 | K14: =E14 -> 0 | L14: X
B15: =ROW()-13 -> 2 | G15: =B15 -> 2 | H15: =C15 -> 0 | I15: =D15 -> 0 | K15: =E15 -> 0 | L15: X
B16: =ROW()-13 -> 3 | G16: =B16 -> 3 | H16: =C16 -> 0 | I16: =D16 -> 0 | K16: =E16 -> 0 | L16: X
B17: =ROW()-13 -> 4 | G17: =B17 -> 4 | H17: =C17 -> 0 | I17: =D17 -> 0 | K17: =E17 -> 0 | L17: X
B18: =ROW()-13 -> 5 | G18: =B18 -> 5 | H18: =C18 -> 0 | I18: =D18 -> 0 | K18: =E18 -> 0 | L18: X
B19: =ROW()-13 -> 6 | G19: =B19 -> 6 | H19: =C19 -> 0 | I19: =D19 -> 0 | K19: =E19 -> 0 | L19: X
B20: =ROW()-13 -> 7 | G20: =B20 -> 7 | H20: =C20 -> 0 | I20: =D20 -> 0 | K20: =E20 -> 0 | L20: X
B21: =ROW()-13 -> 8 | G21: =B21 -> 8 | H21: =C21 -> 0 | I21: =D21 -> 0 | K21: =E21 -> 0 | L21: X
B22: =ROW()-13 -> 9 | G22: =B22 -> 9 | H22: =C22 -> 0 | I22: =D22 -> 0 | K22: =E22 -> 0 | L22: X
B23: =ROW()-13 -> 10 | G23: =B23 -> 10 | H23: =C23 -> 0 | I23: =D23 -> 0 | K23: =E23 -> 0 | L23: X
B24: =ROW()-13 -> 11 | G24: =B24 -> 11 | H24: =C24 -> 0 | I24: =D24 -> 0 | K24: =E24 -> 0 | L24: X
B25: =ROW()-13 -> 12 | G25: =B25 -> 12 | H25: =C25 -> 0 | I25: =D25 -> 0 | K25: =E25 -> 0 | L25: X
... B28: =ROW()-13 -> 15 | G28: =B28 -> 15 | H28: =C28 -> 0 | I28: =D28 -> 0 | K28: =E28 -> 0 | L28: X
C29: P.Trưởng Trung tâm đào tạo | F29: Người lập | H29: Chữ ký giáo viên:
G31: Lưu ý:
G32: - Giáo viên điểm danh theo ngày và đánh dấu: X: có mặt; V: vắng mặt
C33: Ngô Trung Thành | F33: Nguyễn Cao Bình | G33: - Trang thiết bị thực hành (áp dụng đối với nội dung thực hành Nghiệp vụ điều khiển/vận hành thiết bị):
G34: …………………………………………………………………………………............................................
H37: nGUYỄN vIỆT ANH

Sheet 10
E2: DANH SÁCH HỌC VIÊN | J2: Biểu mẫu | N2: Mã số: V.TMM-F10
J3: ĐIỂM DANH HỌC VIÊN | N3: Ban hành: 04
N4: Hiệu lực: 28/12/2024
N5: Trang: 1/1
B7: - Môn/Khóa học: | G7: - Môn/Khóa học: | I7: =D7 -> 0
B8: - Loại hình/hình thức đào tạo: Định kỳ/Elearning+Trực tiếp | G8: =B8 -> - Loại hình/hình thức đào tạo: Định kỳ/Elearning+Trực tiếp
B9: - Thời gian: | D9: C17/8/2026 | G9: =B9 -> - Thời gian: | I9: =D9 -> C17/8/2026
B10: - Địa điểm: | D10: TTĐT | G10: =B10 -> - Địa điểm: | I10: =D10 -> TTĐT
B11: - Giáo viên: | G11: - Số học viên tham dự/tổng số học viên: | K11: =COUNTIF($L$14:$L42,"x")&"/"&COUNTA($L$14:$L42) -> 14/14
B12: STT | C12: Mã NV | D12: Họ tên | E12: Đơn vị | F12: Ghi chú | G12: STT | H12: Mã nhân viên | I12: Họ tên | K12: Đơn vị | L12: Ngày | M12: Ngày | N12: Ngày | O12: Ghi chú
L13: =I9 -> C17/8/2026
B14: =ROW()-13 -> 1 | G14: =B14 -> 1 | H14: =C14 -> 0 | I14: =D14 -> 0 | K14: =E14 -> 0 | L14: X
B15: =ROW()-13 -> 2 | G15: =B15 -> 2 | H15: =C15 -> 0 | I15: =D15 -> 0 | K15: =E15 -> 0 | L15: X
B16: =ROW()-13 -> 3 | G16: =B16 -> 3 | H16: =C16 -> 0 | I16: =D16 -> 0 | K16: =E16 -> 0 | L16: X
B17: =ROW()-13 -> 4 | G17: =B17 -> 4 | H17: =C17 -> 0 | I17: =D17 -> 0 | K17: =E17 -> 0
B18: =ROW()-13 -> 5 | G18: =B18 -> 5 | H18: =C18 -> 0 | I18: =D18 -> 0 | K18: =E18 -> 0 | L18: X
B19: =ROW()-13 -> 6 | G19: =B19 -> 6 | H19: =C19 -> 0 | I19: =D19 -> 0 | K19: =E19 -> 0 | L19: X
B20: =ROW()-13 -> 7 | G20: =B20 -> 7 | H20: =C20 -> 0 | I20: =D20 -> 0 | K20: =E20 -> 0 | L20: X
B21: =ROW()-13 -> 8 | G21: =B21 -> 8 | H21: =C21 -> 0 | I21: =D21 -> 0 | K21: =E21 -> 0 | L21: X
B22: =ROW()-13 -> 9 | G22: =B22 -> 9 | H22: =C22 -> 0 | I22: =D22 -> 0 | K22: =E22 -> 0 | L22: X
B23: =ROW()-13 -> 10 | G23: =B23 -> 10 | H23: =C23 -> 0 | I23: =D23 -> 0 | K23: =E23 -> 0 | L23: X
B24: =ROW()-13 -> 11 | G24: =B24 -> 11 | H24: =C24 -> 0 | I24: =D24 -> 0 | K24: =E24 -> 0 | L24: X
B25: =ROW()-13 -> 12 | G25: =B25 -> 12 | H25: =C25 -> 0 | I25: =D25 -> 0 | K25: =E25 -> 0 | L25: X
B26: =ROW()-13 -> 13 | G26: =B26 -> 13 | H26: =C26 -> 0 | I26: =D26 -> 0 | K26: =E26 -> 0 | L26: X
B27: =ROW()-13 -> 14 | G27: =B27 -> 14 | H27: =C27 -> 0 | I27: =D27 -> 0 | K27: =E27 -> 0 | L27: X
B28: =ROW()-13 -> 15 | G28: =B28 -> 15 | H28: =C28 -> 0 | I28: =D28 -> 0 | K28: =E28 -> 0 | L28: X
C29: P.Trưởng Trung tâm đào tạo | F29: Người lập | H29: Chữ ký giáo viên:
G31: Lưu ý:
G32: - Giáo viên điểm danh theo ngày và đánh dấu: X: có mặt; V: vắng mặt
C33: Ngô Trung Thành | F33: Nguyễn Cao Bình | G33: - Trang thiết bị thực hành (áp dụng đối với nội dung thực hành Nghiệp vụ điều khiển/vận hành thiết bị):
G34: …………………………………………………………………………………............................................

Sheet 11
E2: DANH SÁCH HỌC VIÊN | J2: Biểu mẫu | N2: Mã số: V.TMM-F10
J3: ĐIỂM DANH HỌC VIÊN | N3: Ban hành: 04
N4: Hiệu lực: 28/12/2024
N5: Trang: 1/1
B7: - Môn/Khóa học: | G7: - Môn/Khóa học: | I7: =D7 -> 0
B8: - Loại hình/hình thức đào tạo: Định kỳ/Elearning+Trực tiếp | G8: =B8 -> - Loại hình/hình thức đào tạo: Định kỳ/Elearning+Trực tiếp
B9: - Thời gian: | D9: S18/8/2026 | G9: =B9 -> - Thời gian: | I9: =D9 -> S18/8/2026
B10: - Địa điểm: | D10: TTĐT | G10: =B10 -> - Địa điểm: | I10: =D10 -> TTĐT
B11: - Giáo viên: | G11: - Số học viên tham dự/tổng số học viên: | K11: =COUNTIF($L$14:$L36,"x")&"/"&COUNTA($L$14:$L36) -> 0/0
B12: STT | C12: Mã NV | D12: Họ tên | E12: Đơn vị | F12: Ghi chú | G12: STT | H12: Mã nhân viên | I12: Họ tên | K12: Đơn vị | L12: Ngày | M12: Ngày | N12: Ngày | O12: Ghi chú
L13: =I9 -> S18/8/2026
B14: =ROW()-13 -> 1 | G14: =B14 -> 1 | H14: =C14 -> 0 | I14: =D14 -> 0 | K14: =E14 -> 0
B15: =ROW()-13 -> 2 | G15: =B15 -> 2 | H15: =C15 -> 0 | I15: =D15 -> 0 | K15: =E15 -> 0
B16: =ROW()-13 -> 3 | G16: =B16 -> 3 | H16: =C16 -> 0 | I16: =D16 -> 0 | K16: =E16 -> 0
B17: =ROW()-13 -> 4 | G17: =B17 -> 4 | H17: =C17 -> 0 | I17: =D17 -> 0 | K17: =E17 -> 0
B18: =ROW()-13 -> 5 | G18: =B18 -> 5 | H18: =C18 -> 0 | I18: =D18 -> 0 | K18: =E18 -> 0
B19: =ROW()-13 -> 6 | G19: =B19 -> 6 | H19: =C19 -> 0 | I19: =D19 -> 0 | K19: =E19 -> 0
B20: =ROW()-13 -> 7 | G20: =B20 -> 7 | H20: =C20 -> 0 | I20: =D20 -> 0 | K20: =E20 -> 0
B21: =ROW()-13 -> 8 | G21: =B21 -> 8 | H21: =C21 -> 0 | I21: =D21 -> 0 | K21: =E21 -> 0
B22: =ROW()-13 -> 9 | G22: =B22 -> 9 | H22: =C22 -> 0 | I22: =D22 -> 0 | K22: =E22 -> 0
C23: P.Trưởng Trung tâm đào tạo | F23: Người lập | H23: Chữ ký giáo viên:
G25: Lưu ý:
G26: - Giáo viên điểm danh theo ngày và đánh dấu: X: có mặt; V: vắng mặt
C27: Ngô Trung Thành | F27: Nguyễn Cao Bình | G27: - Trang thiết bị thực hành (áp dụng đối với nội dung thực hành Nghiệp vụ điều khiển/vận hành thiết bị):
G28: …………………………………………………………………………………............................................

Sheet 12
E2: DANH SÁCH HỌC VIÊN | J2: Biểu mẫu | N2: Mã số: V.TMM-F10
J3: ĐIỂM DANH HỌC VIÊN | N3: Ban hành: 04
N4: Hiệu lực: 28/12/2024
N5: Trang: 1/1
B7: - Môn/Khóa học: | G7: - Môn/Khóa học: | I7: =D7 -> 0
B8: - Loại hình/hình thức đào tạo: Định kỳ/Elearning+Trực tiếp | G8: =B8 -> - Loại hình/hình thức đào tạo: Định kỳ/Elearning+Trực tiếp
B9: - Thời gian: | D9: S17/8/2026 | G9: =B9 -> - Thời gian: | I9: =D9 -> S17/8/2026
B10: - Địa điểm: | D10: TTĐT | G10: =B10 -> - Địa điểm: | I10: =D10 -> TTĐT
B11: - Giáo viên: | G11: - Số học viên tham dự/tổng số học viên: | K11: =COUNTIF($L$14:$L44,"x")&"/"&COUNTA($L$14:$L44) -> 16/16
B12: STT | C12: Mã NV | D12: Họ tên | E12: Đơn vị | F12: Ghi chú | G12: STT | H12: Mã nhân viên | I12: Họ tên | K12: Đơn vị | L12: Ngày | M12: Ngày | N12: Ngày | O12: Ghi chú
L13: =I9 -> S17/8/2026
B14: =ROW()-13 -> 1 | G14: =B14 -> 1 | H14: =C14 -> 0 | I14: =D14 -> 0 | K14: =E14 -> 0 | L14: x
B15: =ROW()-13 -> 2 | G15: =B15 -> 2 | H15: =C15 -> 0 | I15: =D15 -> 0 | K15: =E15 -> 0 | L15: x
B16: =ROW()-13 -> 3 | G16: =B16 -> 3 | H16: =C16 -> 0 | I16: =D16 -> 0 | K16: =E16 -> 0 | L16: x
B17: =ROW()-13 -> 4 | G17: =B17 -> 4 | H17: =C17 -> 0 | I17: =D17 -> 0 | K17: =E17 -> 0 | L17: x
B18: =ROW()-13 -> 5 | G18: =B18 -> 5 | H18: =C18 -> 0 | I18: =D18 -> 0 | K18: =E18 -> 0 | L18: x
B19: =ROW()-13 -> 6 | G19: =B19 -> 6 | H19: =C19 -> 0 | I19: =D19 -> 0 | K19: =E19 -> 0 | L19: x
B20: =ROW()-13 -> 7 | G20: =B20 -> 7 | H20: =C20 -> 0 | I20: =D20 -> 0 | K20: =E20 -> 0 | L20: x
B21: =ROW()-13 -> 8 | G21: =B21 -> 8 | H21: =C21 -> 0 | I21: =D21 -> 0 | K21: =E21 -> 0 | L21: x
B22: =ROW()-13 -> 9 | G22: =B22 -> 9 | H22: =C22 -> 0 | I22: =D22 -> 0 | K22: =E22 -> 0 | L22: x
B23: =ROW()-13 -> 10 | G23: =B23 -> 10 | H23: =C23 -> 0 | I23: =D23 -> 0 | K23: =E23 -> 0 | L23: x
B24: =ROW()-13 -> 11 | G24: =B24 -> 11 | H24: =C24 -> 0 | I24: =D24 -> 0 | K24: =E24 -> 0 | L24: x
B25: =ROW()-13 -> 12 | G25: =B25 -> 12 | H25: =C25 -> 0 | I25: =D25 -> 0 | K25: =E25 -> 0 | L25: x
... B29: =ROW()-13 -> 16 | G29: =B29 -> 16 | H29: =C29 -> 0 | I29: =D29 -> 0 | K29: =E29 -> 0 | L29: x
B30: =ROW()-13 -> 17 | G30: =B30 -> 17 | H30: =C30 -> 0 | I30: =D30 -> 0 | K30: =E30 -> 0
C31: P.Trưởng Trung tâm đào tạo | F31: Người lập | H31: Chữ ký giáo viên:
G33: Lưu ý:
G34: - Giáo viên điểm danh theo ngày và đánh dấu: X: có mặt; V: vắng mặt
C35: Ngô Trung Thành | F35: Nguyễn Cao Bình | G35: - Trang thiết bị thực hành (áp dụng đối với nội dung thực hành Nghiệp vụ điều khiển/vận hành thiết bị):
G36: …………………………………………………………………………………............................................

Sheet 13
E2: DANH SÁCH HỌC VIÊN | J2: Biểu mẫu | N2: Mã số: V.TMM-F10
J3: ĐIỂM DANH HỌC VIÊN | N3: Ban hành: 04
N4: Hiệu lực: 28/12/2024
N5: Trang: 1/1
B7: - Môn/Khóa học: | G7: - Môn/Khóa học: | I7: =D7 -> 0
B8: - Loại hình/hình thức đào tạo: Định kỳ/Trực tiếp | G8: =B8 -> - Loại hình/hình thức đào tạo: Định kỳ/Trực tiếp
B9: - Thời gian: | D9: S21/8/2026 | G9: =B9 -> - Thời gian: | I9: =D9 -> S21/8/2026
B10: - Địa điểm: | D10: TTĐT | G10: =B10 -> - Địa điểm: | I10: =D10 -> TTĐT
B11: - Giáo viên: | G11: - Số học viên tham dự/tổng số học viên: | K11: =COUNTIF($L$14:$L37,"x")&"/"&COUNTA($L$14:$L37) -> 0/0
B12: STT | C12: Mã NV | D12: Họ tên | E12: Đơn vị | F12: Ghi chú | G12: STT | H12: Mã nhân viên | I12: Họ tên | K12: Đơn vị | L12: Ngày | M12: Ngày | N12: Ngày | O12: Ghi chú
L13: =I9 -> S21/8/2026
B14: =ROW()-13 -> 1 | G14: =B14 -> 1 | H14: =C14 -> 0 | I14: =D14 -> 0 | K14: =E14 -> 0
B15: =ROW()-13 -> 2 | G15: =B15 -> 2 | H15: =C15 -> 0 | I15: =D15 -> 0 | K15: =E15 -> 0
B16: =ROW()-13 -> 3 | G16: =B16 -> 3 | H16: =C16 -> 0 | I16: =D16 -> 0 | K16: =E16 -> 0
B17: =ROW()-13 -> 4 | G17: =B17 -> 4 | H17: =C17 -> 0 | I17: =D17 -> 0 | K17: =E17 -> 0
B18: =ROW()-13 -> 5 | G18: =B18 -> 5 | H18: =C18 -> 0 | I18: =D18 -> 0 | K18: =E18 -> 0
B19: =ROW()-13 -> 6 | G19: =B19 -> 6 | H19: =C19 -> 0 | I19: =D19 -> 0 | K19: =E19 -> 0
B20: =ROW()-13 -> 7 | G20: =B20 -> 7 | H20: =C20 -> 0 | I20: =D20 -> 0 | K20: =E20 -> 0
B21: =ROW()-13 -> 8 | G21: =B21 -> 8 | H21: =C21 -> 0 | I21: =D21 -> 0 | K21: =E21 -> 0
B22: =ROW()-13 -> 9 | G22: =B22 -> 9 | H22: =C22 -> 0 | I22: =D22 -> 0 | K22: =E22 -> 0
B23: =ROW()-13 -> 10 | G23: =B23 -> 10 | H23: =C23 -> 0 | I23: =D23 -> 0 | K23: =E23 -> 0
C24: P.Trưởng Trung tâm đào tạo | F24: Người lập | H24: Chữ ký giáo viên:
G26: Lưu ý:
G27: - Giáo viên điểm danh theo ngày và đánh dấu: X: có mặt; V: vắng mặt
C28: Ngô Trung Thành | F28: Nguyễn Cao Bình | G28: - Trang thiết bị thực hành (áp dụng đối với nội dung thực hành Nghiệp vụ điều khiển/vận hành thiết bị):
G29: …………………………………………………………………………………............................................

Sheet 14
E2: DANH SÁCH HỌC VIÊN | J2: Biểu mẫu | N2: Mã số: V.TMM-F10
J3: ĐIỂM DANH HỌC VIÊN | N3: Ban hành: 04
N4: Hiệu lực: 28/12/2024
N5: Trang: 1/1
B7: - Môn/Khóa học: | G7: - Môn/Khóa học: | I7: =D7 -> 0
B8: - Loại hình/hình thức đào tạo: Định kỳ/Trực tiếp | G8: =B8 -> - Loại hình/hình thức đào tạo: Định kỳ/Trực tiếp
B9: - Thời gian: | D9: 19/8/2026 | G9: =B9 -> - Thời gian: | I9: =D9 -> 19/8/2026
B10: - Địa điểm: | D10: TTĐT | G10: =B10 -> - Địa điểm: | I10: =D10 -> TTĐT
B11: - Giáo viên: | G11: - Số học viên tham dự/tổng số học viên: | K11: =COUNTIF($L$14:$L37,"x")&"/"&COUNTA($L$14:$L37) -> 0/0
B12: STT | C12: Mã NV | D12: Họ tên | E12: Đơn vị | F12: Ghi chú | G12: STT | H12: Mã nhân viên | I12: Họ tên | K12: Đơn vị | L12: Ngày | M12: Ngày | N12: Ngày | O12: Ghi chú
L13: =I9 -> 19/8/2026
B14: =ROW()-13 -> 1 | G14: =B14 -> 1 | H14: =C14 -> 0 | I14: =D14 -> 0 | K14: =E14 -> 0
B15: =ROW()-13 -> 2 | G15: =B15 -> 2 | H15: =C15 -> 0 | I15: =D15 -> 0 | K15: =E15 -> 0
B16: =ROW()-13 -> 3 | G16: =B16 -> 3 | H16: =C16 -> 0 | I16: =D16 -> 0 | K16: =E16 -> 0
B17: =ROW()-13 -> 4 | G17: =B17 -> 4 | H17: =C17 -> 0 | I17: =D17 -> 0 | K17: =E17 -> 0
B18: =ROW()-13 -> 5 | G18: =B18 -> 5 | H18: =C18 -> 0 | I18: =D18 -> 0 | K18: =E18 -> 0
B19: =ROW()-13 -> 6 | G19: =B19 -> 6 | H19: =C19 -> 0 | I19: =D19 -> 0 | K19: =E19 -> 0
B20: =ROW()-13 -> 7 | G20: =B20 -> 7 | H20: =C20 -> 0 | I20: =D20 -> 0 | K20: =E20 -> 0
B21: =ROW()-13 -> 8 | G21: =B21 -> 8 | H21: =C21 -> 0 | I21: =D21 -> 0 | K21: =E21 -> 0
B22: =ROW()-13 -> 9 | G22: =B22 -> 9 | H22: =C22 -> 0 | I22: =D22 -> 0 | K22: =E22 -> 0
B23: =ROW()-13 -> 10 | G23: =B23 -> 10 | H23: =C23 -> 0 | I23: =D23 -> 0 | K23: =E23 -> 0
C24: P.Trưởng Trung tâm đào tạo | F24: Người lập | H24: Chữ ký giáo viên:
G26: Lưu ý:
G27: - Giáo viên điểm danh theo ngày và đánh dấu: X: có mặt; V: vắng mặt
C28: Ngô Trung Thành | F28: Nguyễn Cao Bình | G28: - Trang thiết bị thực hành (áp dụng đối với nội dung thực hành Nghiệp vụ điều khiển/vận hành thiết bị):
G29: …………………………………………………………………………………............................................

Sheet 15
E2: DANH SÁCH HỌC VIÊN | J2: Biểu mẫu | N2: Mã số: V.TMM-F10
J3: ĐIỂM DANH HỌC VIÊN | N3: Ban hành: 04
N4: Hiệu lực: 28/12/2024
N5: Trang: 1/1
B7: - Môn/Khóa học: | G7: - Môn/Khóa học: | I7: =D7 -> 0
B8: - Loại hình/hình thức đào tạo: Định kỳ/Trực tiếp | G8: =B8 -> - Loại hình/hình thức đào tạo: Định kỳ/Trực tiếp
B9: - Thời gian: | D9: 20/8/2026 | G9: =B9 -> - Thời gian: | I9: =D9 -> 20/8/2026
B10: - Địa điểm: | D10: TTĐT | G10: =B10 -> - Địa điểm: | I10: =D10 -> TTĐT
B11: - Giáo viên: | G11: - Số học viên tham dự/tổng số học viên: | K11: =COUNTIF($L$14:$L37,"x")&"/"&COUNTA($L$14:$L37) -> 0/0
B12: STT | C12: Mã NV | D12: Họ tên | E12: Đơn vị | F12: Ghi chú | G12: STT | H12: Mã nhân viên | I12: Họ tên | K12: Đơn vị | L12: Ngày | M12: Ngày | N12: Ngày | O12: Ghi chú
L13: =I9 -> 20/8/2026
B14: =ROW()-13 -> 1 | G14: =B14 -> 1 | H14: =C14 -> 0 | I14: =D14 -> 0 | K14: =E14 -> 0
B15: =ROW()-13 -> 2 | G15: =B15 -> 2 | H15: =C15 -> 0 | I15: =D15 -> 0 | K15: =E15 -> 0
B16: =ROW()-13 -> 3 | G16: =B16 -> 3 | H16: =C16 -> 0 | I16: =D16 -> 0 | K16: =E16 -> 0
B17: =ROW()-13 -> 4 | G17: =B17 -> 4 | H17: =C17 -> 0 | I17: =D17 -> 0 | K17: =E17 -> 0
B18: =ROW()-13 -> 5 | G18: =B18 -> 5 | H18: =C18 -> 0 | I18: =D18 -> 0 | K18: =E18 -> 0
B19: =ROW()-13 -> 6 | G19: =B19 -> 6 | H19: =C19 -> 0 | I19: =D19 -> 0 | K19: =E19 -> 0
B20: =ROW()-13 -> 7 | G20: =B20 -> 7 | H20: =C20 -> 0 | I20: =D20 -> 0 | K20: =E20 -> 0
B21: =ROW()-13 -> 8 | G21: =B21 -> 8 | H21: =C21 -> 0 | I21: =D21 -> 0 | K21: =E21 -> 0
B22: =ROW()-13 -> 9 | G22: =B22 -> 9 | H22: =C22 -> 0 | I22: =D22 -> 0 | K22: =E22 -> 0
B23: =ROW()-13 -> 10 | G23: =B23 -> 10 | H23: =C23 -> 0 | I23: =D23 -> 0 | K23: =E23 -> 0
C24: P.Trưởng Trung tâm đào tạo | F24: Người lập | H24: Chữ ký giáo viên:
G26: Lưu ý:
G27: - Giáo viên điểm danh theo ngày và đánh dấu: X: có mặt; V: vắng mặt
C28: Ngô Trung Thành | F28: Nguyễn Cao Bình | G28: - Trang thiết bị thực hành (áp dụng đối với nội dung thực hành Nghiệp vụ điều khiển/vận hành thiết bị):
G29: …………………………………………………………………………………............................................

Sheet 16
E2: DANH SÁCH HỌC VIÊN | J2: Biểu mẫu | N2: Mã số: V.TMM-F10
J3: ĐIỂM DANH HỌC VIÊN | N3: Ban hành: 04
N4: Hiệu lực: 28/12/2024
N5: Trang: 1/1
B7: - Môn/Khóa học: | G7: - Môn/Khóa học: | I7: =D7 -> 0
B8: - Loại hình/hình thức đào tạo: Định kỳ/Trực tiếp | G8: =B8 -> - Loại hình/hình thức đào tạo: Định kỳ/Trực tiếp
B9: - Thời gian: | D9: C21/8/2026 | G9: =B9 -> - Thời gian: | I9: =D9 -> C21/8/2026
B10: - Địa điểm: | D10: TTĐT | G10: =B10 -> - Địa điểm: | I10: =D10 -> TTĐT
B11: - Giáo viên: | G11: - Số học viên tham dự/tổng số học viên: | K11: =COUNTIF($L$14:$L35,"x")&"/"&COUNTA($L$14:$L35) -> 0/0
B12: STT | C12: Mã NV | D12: Họ tên | E12: Đơn vị | F12: Ghi chú | G12: STT | H12: Mã nhân viên | I12: Họ tên | K12: Đơn vị | L12: Ngày | M12: Ngày | N12: Ngày | O12: Ghi chú
L13: =I9 -> C21/8/2026
B14: =ROW()-13 -> 1 | G14: =B14 -> 1 | H14: =C14 -> 0 | I14: =D14 -> 0 | K14: =E14 -> 0
B15: =ROW()-13 -> 2 | G15: =B15 -> 2 | H15: =C15 -> 0 | I15: =D15 -> 0 | K15: =E15 -> 0
B16: =ROW()-13 -> 3 | G16: =B16 -> 3 | H16: =C16 -> 0 | I16: =D16 -> 0 | K16: =E16 -> 0
B17: =ROW()-13 -> 4 | G17: =B17 -> 4 | H17: =C17 -> 0 | I17: =D17 -> 0 | K17: =E17 -> 0
B18: =ROW()-13 -> 5 | G18: =B18 -> 5 | H18: =C18 -> 0 | I18: =D18 -> 0 | K18: =E18 -> 0
B19: =ROW()-13 -> 6 | G19: =B19 -> 6 | H19: =C19 -> 0 | I19: =D19 -> 0 | K19: =E19 -> 0
B20: =ROW()-13 -> 7 | G20: =B20 -> 7 | H20: =C20 -> 0 | I20: =D20 -> 0 | K20: =E20 -> 0
B21: =ROW()-13 -> 8 | G21: =B21 -> 8 | H21: =C21 -> 0 | I21: =D21 -> 0 | K21: =E21 -> 0
C22: P.Trưởng Trung tâm đào tạo | F22: Người lập | H22: Chữ ký giáo viên:
G24: Lưu ý:
G25: - Giáo viên điểm danh theo ngày và đánh dấu: X: có mặt; V: vắng mặt
C26: Ngô Trung Thành | F26: Nguyễn Cao Bình | G26: - Trang thiết bị thực hành (áp dụng đối với nội dung thực hành Nghiệp vụ điều khiển/vận hành thiết bị):
G27: …………………………………………………………………………………............................................

Sheet 17
E2: DANH SÁCH HỌC VIÊN | J2: Biểu mẫu | N2: Mã số: V.TMM-F10
J3: ĐIỂM DANH HỌC VIÊN | N3: Ban hành: 04
N4: Hiệu lực: 28/12/2024
N5: Trang: 1/1
B7: - Môn/Khóa học: | G7: - Môn/Khóa học: | I7: =D7 -> 0
B8: - Loại hình/hình thức đào tạo: Định kỳ/Trực tiếp | G8: =B8 -> - Loại hình/hình thức đào tạo: Định kỳ/Trực tiếp
B9: - Thời gian: | D9: C17/8/2026 | G9: =B9 -> - Thời gian: | I9: =D9 -> C17/8/2026
B10: - Địa điểm: | D10: TTĐT | G10: =B10 -> - Địa điểm: | I10: =D10 -> TTĐT
B11: - Giáo viên: | G11: - Số học viên tham dự/tổng số học viên: | K11: =COUNTIF($L$14:$L43,"x")&"/"&COUNTA($L$14:$L43) -> 11/14
B12: STT | C12: Mã NV | D12: Họ tên | E12: Đơn vị | F12: Ghi chú | G12: STT | H12: Mã nhân viên | I12: Họ tên | K12: Đơn vị | L12: Ngày | M12: Ngày | N12: Ngày | O12: Ghi chú
L13: =I9 -> C17/8/2026
B14: =ROW()-13 -> 1 | G14: =B14 -> 1 | H14: =C14 -> 0 | I14: =D14 -> 0 | K14: =E14 -> 0
B15: =ROW()-13 -> 2 | G15: =B15 -> 2 | H15: =C15 -> 0 | I15: =D15 -> 0 | K15: =E15 -> 0
B16: =ROW()-13 -> 3 | G16: =B16 -> 3 | H16: =C16 -> 0 | I16: =D16 -> 0 | K16: =E16 -> 0 | L16: x
B17: =ROW()-13 -> 4 | G17: =B17 -> 4 | H17: =C17 -> 0 | I17: =D17 -> 0 | K17: =E17 -> 0 | L17: x
B18: =ROW()-13 -> 5 | G18: =B18 -> 5 | H18: =C18 -> 0 | I18: =D18 -> 0 | K18: =E18 -> 0 | L18: V
B19: =ROW()-13 -> 6 | G19: =B19 -> 6 | H19: =C19 -> 0 | I19: =D19 -> 0 | K19: =E19 -> 0 | L19: x
B20: =ROW()-13 -> 7 | G20: =B20 -> 7 | H20: =C20 -> 0 | I20: =D20 -> 0 | K20: =E20 -> 0 | L20: x
B21: =ROW()-13 -> 8 | G21: =B21 -> 8 | H21: =C21 -> 0 | I21: =D21 -> 0 | K21: =E21 -> 0 | L21: x
B22: =ROW()-13 -> 9 | G22: =B22 -> 9 | H22: =C22 -> 0 | I22: =D22 -> 0 | K22: =E22 -> 0 | L22: x
B23: =ROW()-13 -> 10 | G23: =B23 -> 10 | H23: =C23 -> 0 | I23: =D23 -> 0 | K23: =E23 -> 0 | L23: x
B24: =ROW()-13 -> 11 | G24: =B24 -> 11 | H24: =C24 -> 0 | I24: =D24 -> 0 | K24: =E24 -> 0 | L24: x
B25: =ROW()-13 -> 12 | G25: =B25 -> 12 | H25: =C25 -> 0 | I25: =D25 -> 0 | K25: =E25 -> 0 | L25: V
B26: =ROW()-13 -> 13 | G26: =B26 -> 13 | H26: =C26 -> 0 | I26: =D26 -> 0 | K26: =E26 -> 0 | L26: x
B27: =ROW()-13 -> 14 | G27: =B27 -> 14 | H27: =C27 -> 0 | I27: =D27 -> 0 | K27: =E27 -> 0 | L27: x
... B29: =ROW()-13 -> 16 | G29: =B29 -> 16 | H29: =C29 -> 0 | I29: =D29 -> 0 | K29: =E29 -> 0 | L29: x
C30: P.Trưởng Trung tâm đào tạo | F30: Người lập | H30: Chữ ký giáo viên:
G32: Lưu ý:
G33: - Giáo viên điểm danh theo ngày và đánh dấu: X: có mặt; V: vắng mặt
C34: Ngô Trung Thành | F34: Nguyễn Cao Bình | G34: - Trang thiết bị thực hành (áp dụng đối với nội dung thực hành Nghiệp vụ điều khiển/vận hành thiết bị):
G35: …………………………………………………………………………………............................................

Sheet 18
E2: DANH SÁCH HỌC VIÊN | J2: Biểu mẫu | N2: Mã số: V.TMM-F10
J3: ĐIỂM DANH HỌC VIÊN | N3: Ban hành: 04
N4: Hiệu lực: 28/12/2024
N5: Trang: 1/1
B7: - Môn/Khóa học: | G7: - Môn/Khóa học: | I7: =D7 -> 0
B8: - Loại hình/hình thức đào tạo: Định kỳ/Trực tiếp | G8: =B8 -> - Loại hình/hình thức đào tạo: Định kỳ/Trực tiếp
B9: - Thời gian: | D9: S17/8/2026 | G9: =B9 -> - Thời gian: | I9: =D9 -> S17/8/2026
B10: - Địa điểm: | D10: TTĐT | G10: =B10 -> - Địa điểm: | I10: =D10 -> TTĐT
B11: - Giáo viên: | G11: - Số học viên tham dự/tổng số học viên: | K11: =COUNTIF($L$14:$L45,"x")&"/"&COUNTA($L$14:$L45) -> 17/17
B12: STT | C12: Mã NV | D12: Họ tên | E12: Đơn vị | F12: Ghi chú | G12: STT | H12: Mã nhân viên | I12: Họ tên | K12: Đơn vị | L12: Ngày | M12: Ngày | N12: Ngày | O12: Ghi chú
L13: =I9 -> S17/8/2026
B14: =ROW()-13 -> 1 | G14: =B14 -> 1 | H14: =C14 -> 0 | I14: =D14 -> 0 | K14: =E14 -> 0 | L14: X
B15: =ROW()-13 -> 2 | G15: =B15 -> 2 | H15: =C15 -> 0 | I15: =D15 -> 0 | K15: =E15 -> 0 | L15: X
B16: =ROW()-13 -> 3 | G16: =B16 -> 3 | H16: =C16 -> 0 | I16: =D16 -> 0 | K16: =E16 -> 0 | L16: X
B17: =ROW()-13 -> 4 | G17: =B17 -> 4 | H17: =C17 -> 0 | I17: =D17 -> 0 | K17: =E17 -> 0 | L17: X
B18: =ROW()-13 -> 5 | G18: =B18 -> 5 | H18: =C18 -> 0 | I18: =D18 -> 0 | K18: =E18 -> 0 | L18: X
B19: =ROW()-13 -> 6 | G19: =B19 -> 6 | H19: =C19 -> 0 | I19: =D19 -> 0 | K19: =E19 -> 0 | L19: X
B20: =ROW()-13 -> 7 | G20: =B20 -> 7 | H20: =C20 -> 0 | I20: =D20 -> 0 | K20: =E20 -> 0 | L20: X
B21: =ROW()-13 -> 8 | G21: =B21 -> 8 | H21: =C21 -> 0 | I21: =D21 -> 0 | K21: =E21 -> 0 | L21: X
B22: =ROW()-13 -> 9 | G22: =B22 -> 9 | H22: =C22 -> 0 | I22: =D22 -> 0 | K22: =E22 -> 0 | L22: X
B23: =ROW()-13 -> 10 | G23: =B23 -> 10 | H23: =C23 -> 0 | I23: =D23 -> 0 | K23: =E23 -> 0 | L23: X
B24: =ROW()-13 -> 11 | G24: =B24 -> 11 | H24: =C24 -> 0 | I24: =D24 -> 0 | K24: =E24 -> 0 | L24: X
B25: =ROW()-13 -> 12 | G25: =B25 -> 12 | H25: =C25 -> 0 | I25: =D25 -> 0 | K25: =E25 -> 0
B26: =ROW()-13 -> 13 | G26: =B26 -> 13 | H26: =C26 -> 0 | I26: =D26 -> 0 | K26: =E26 -> 0 | L26: X
B27: =ROW()-13 -> 14 | G27: =B27 -> 14 | H27: =C27 -> 0 | I27: =D27 -> 0 | K27: =E27 -> 0 | L27: X
B28: =ROW()-13 -> 15 | G28: =B28 -> 15 | H28: =C28 -> 0 | I28: =D28 -> 0 | K28: =E28 -> 0 | L28: X
B29: =ROW()-13 -> 16 | G29: =B29 -> 16 | H29: =C29 -> 0 | I29: =D29 -> 0 | K29: =E29 -> 0 | L29: X
B30: =ROW()-13 -> 17 | G30: =B30 -> 17 | H30: =C30 -> 0 | I30: =D30 -> 0 | K30: =E30 -> 0 | L30: X
B31: =ROW()-13 -> 18 | G31: =B31 -> 18 | H31: =C31 -> 0 | I31: =D31 -> 0 | K31: =E31 -> 0 | L31: X
C32: P.Trưởng Trung tâm đào tạo | F32: Người lập | H32: Chữ ký giáo viên:
G34: Lưu ý:
G35: - Giáo viên điểm danh theo ngày và đánh dấu: X: có mặt; V: vắng mặt
C36: Ngô Trung Thành | F36: Nguyễn Cao Bình | G36: - Trang thiết bị thực hành (áp dụng đối với nội dung thực hành Nghiệp vụ điều khiển/vận hành thiết bị):
G37: …………………………………………………………………………………............................................

Sheet 19
E2: DANH SÁCH HỌC VIÊN | J2: Biểu mẫu | N2: Mã số: V.TMM-F10
J3: ĐIỂM DANH HỌC VIÊN | N3: Ban hành: 04
N4: Hiệu lực: 28/12/2024
N5: Trang: 1/1
B7: - Môn/Khóa học: | G7: - Môn/Khóa học: | I7: =D7 -> 0
B8: - Loại hình/hình thức đào tạo: Ban đầu/Trực tiếp | G8: =B8 -> - Loại hình/hình thức đào tạo: Ban đầu/Trực tiếp
B9: - Thời gian: | D9: 18/8/2026 | G9: =B9 -> - Thời gian: | I9: =D9 -> 18/8/2026
B10: - Địa điểm: | D10: VNBA | G10: =B10 -> - Địa điểm: | I10: =D10 -> VNBA
B11: - Giáo viên: | G11: - Số học viên tham dự/tổng số học viên: | K11: =COUNTIF($L$14:$L31,"x")&"/"&COUNTA($L$14:$L31) -> 0/0
B12: STT | C12: Mã NV | D12: Họ tên | E12: Đơn vị | F12: Ghi chú | G12: STT | H12: Mã nhân viên | I12: Họ tên | K12: Đơn vị | L12: Ngày | M12: Ngày | N12: Ngày | O12: Ghi chú
L13: =I9 -> 18/8/2026
B14: =ROW()-13 -> 1 | G14: =B14 -> 1 | H14: =C14 -> 0 | I14: =D14 -> 0 | K14: =E14 -> 0
B15: =ROW()-13 -> 2 | G15: =B15 -> 2 | H15: =C15 -> 0 | I15: =D15 -> 0 | K15: =E15 -> 0
B16: =ROW()-13 -> 3 | G16: =B16 -> 3 | H16: =C16 -> 0 | I16: =D16 -> 0 | K16: =E16 -> 0
B17: =ROW()-13 -> 4 | G17: =B17 -> 4 | H17: =C17 -> 0 | I17: =D17 -> 0 | K17: =E17 -> 0
C18: P.Trưởng Trung tâm đào tạo | F18: Người lập | H18: Chữ ký giáo viên:
G20: Lưu ý:
G21: - Giáo viên điểm danh theo ngày và đánh dấu: X: có mặt; V: vắng mặt
C22: Ngô Trung Thành | F22: Nguyễn Cao Bình | G22: - Trang thiết bị thực hành (áp dụng đối với nội dung thực hành Nghiệp vụ điều khiển/vận hành thiết bị):
G23: …………………………………………………………………………………............................................

Sheet 20
E2: DANH SÁCH HỌC VIÊN | J2: Biểu mẫu | N2: Mã số: V.TMM-F10
J3: ĐIỂM DANH HỌC VIÊN | N3: Ban hành: 04
N4: Hiệu lực: 28/12/2024
N5: Trang: 1/1
B7: - Môn/Khóa học: | G7: - Môn/Khóa học: | I7: =D7 -> 0
A8: . | B8: - Loại hình/hình thức đào tạo: Định kỳ/Trực tiếp | G8: =B8 -> - Loại hình/hình thức đào tạo: Định kỳ/Trực tiếp
B9: - Thời gian: | D9: C20/8/2026 | G9: =B9 -> - Thời gian: | I9: =D9 -> C20/8/2026
B10: - Địa điểm: | D10: TTĐT | G10: =B10 -> - Địa điểm: | I10: =D10 -> TTĐT
B11: - Giáo viên: | G11: - Số học viên tham dự/tổng số học viên: | K11: =COUNTIF($L$14:$L38,"x")&"/"&COUNTA($L$14:$L38) -> 0/0
B12: STT | C12: Mã NV | D12: Họ tên | E12: Đơn vị | F12: Ghi chú | G12: STT | H12: Mã nhân viên | I12: Họ tên | K12: Đơn vị | L12: Ngày | M12: Ngày | N12: Ngày | O12: Ghi chú
L13: =I9 -> C20/8/2026
B14: =ROW()-13 -> 1 | G14: =B14 -> 1 | H14: =C14 -> 0 | I14: =D14 -> 0 | K14: =E14 -> 0
B15: =ROW()-13 -> 2 | G15: =B15 -> 2 | H15: =C15 -> 0 | I15: =D15 -> 0 | K15: =E15 -> 0
B16: =ROW()-13 -> 3 | G16: =B16 -> 3 | H16: =C16 -> 0 | I16: =D16 -> 0 | K16: =E16 -> 0
B17: =ROW()-13 -> 4 | G17: =B17 -> 4 | H17: =C17 -> 0 | I17: =D17 -> 0 | K17: =E17 -> 0
B18: =ROW()-13 -> 5 | G18: =B18 -> 5 | H18: =C18 -> 0 | I18: =D18 -> 0 | K18: =E18 -> 0
B19: =ROW()-13 -> 6 | G19: =B19 -> 6 | H19: =C19 -> 0 | I19: =D19 -> 0 | K19: =E19 -> 0
B20: =ROW()-13 -> 7 | G20: =B20 -> 7 | H20: =C20 -> 0 | I20: =D20 -> 0 | K20: =E20 -> 0
B21: =ROW()-13 -> 8 | G21: =B21 -> 8 | H21: =C21 -> 0 | I21: =D21 -> 0 | K21: =E21 -> 0
B22: =ROW()-13 -> 9 | G22: =B22 -> 9 | H22: =C22 -> 0 | I22: =D22 -> 0 | K22: =E22 -> 0
B23: =ROW()-13 -> 10 | G23: =B23 -> 10 | H23: =C23 -> 0 | I23: =D23 -> 0 | K23: =E23 -> 0
B24: =ROW()-13 -> 11 | G24: =B24 -> 11 | H24: =C24 -> 0 | I24: =D24 -> 0 | K24: =E24 -> 0
C25: P.Trưởng Trung tâm đào tạo | F25: Người lập | H25: Chữ ký giáo viên:
G27: Lưu ý:
G28: - Giáo viên điểm danh theo ngày và đánh dấu: X: có mặt; V: vắng mặt
C29: Ngô Trung Thành | F29: Nguyễn Cao Bình | G29: - Trang thiết bị thực hành (áp dụng đối với nội dung thực hành Nghiệp vụ điều khiển/vận hành thiết bị):
G30: …………………………………………………………………………………............................................

Sheet 21
E2: DANH SÁCH HỌC VIÊN | J2: Biểu mẫu | N2: Mã số: V.TMM-F10
J3: ĐIỂM DANH HỌC VIÊN | N3: Ban hành: 04
N4: Hiệu lực: 28/12/2024
N5: Trang: 1/1
B7: - Môn/Khóa học: | G7: - Môn/Khóa học: | I7: =D7 -> 0
B8: - Loại hình/hình thức đào tạo: Ban đầu/Trực tiếp | G8: =B8 -> - Loại hình/hình thức đào tạo: Ban đầu/Trực tiếp
B9: - Thời gian: | D9: 17/8/2026 | G9: =B9 -> - Thời gian: | I9: =D9 -> 17/8/2026
B10: - Địa điểm: | D10: VNBA | G10: =B10 -> - Địa điểm: | I10: =D10 -> VNBA
B11: - Giáo viên: | G11: - Số học viên tham dự/tổng số học viên: | K11: =COUNTIF($L$14:$L39,"x")&"/"&COUNTA($L$14:$L39) -> 0/0
B12: STT | C12: Mã NV | D12: Họ tên | E12: Đơn vị | F12: Ghi chú | G12: STT | H12: Mã nhân viên | I12: Họ tên | K12: Đơn vị | L12: Ngày | M12: Ngày | N12: Ngày | O12: Ghi chú
L13: =I9 -> 17/8/2026
B14: =ROW()-13 -> 1 | G14: =B14 -> 1 | H14: =C14 -> 0 | I14: =D14 -> 0 | K14: =E14 -> 0
B15: =ROW()-13 -> 2 | G15: =B15 -> 2 | H15: =C15 -> 0 | I15: =D15 -> 0 | K15: =E15 -> 0
B16: =ROW()-13 -> 3 | G16: =B16 -> 3 | H16: =C16 -> 0 | I16: =D16 -> 0 | K16: =E16 -> 0
B17: =ROW()-13 -> 4 | G17: =B17 -> 4 | H17: =C17 -> 0 | I17: =D17 -> 0 | K17: =E17 -> 0
B18: =ROW()-13 -> 5 | G18: =B18 -> 5 | H18: =C18 -> 0 | I18: =D18 -> 0 | K18: =E18 -> 0
B19: =ROW()-13 -> 6 | G19: =B19 -> 6 | H19: =C19 -> 0 | I19: =D19 -> 0 | K19: =E19 -> 0
B20: =ROW()-13 -> 7 | G20: =B20 -> 7 | H20: =C20 -> 0 | I20: =D20 -> 0 | K20: =E20 -> 0
B21: =ROW()-13 -> 8 | G21: =B21 -> 8 | H21: =C21 -> 0 | I21: =D21 -> 0 | K21: =E21 -> 0
B22: =ROW()-13 -> 9 | G22: =B22 -> 9 | H22: =C22 -> 0 | I22: =D22 -> 0 | K22: =E22 -> 0
B23: =ROW()-13 -> 10 | G23: =B23 -> 10 | H23: =C23 -> 0 | I23: =D23 -> 0 | K23: =E23 -> 0
B24: =ROW()-13 -> 11 | G24: =B24 -> 11 | H24: =C24 -> 0 | I24: =D24 -> 0 | K24: =E24 -> 0
B25: =ROW()-13 -> 12 | G25: =B25 -> 12 | H25: =C25 -> 0 | I25: =D25 -> 0 | K25: =E25 -> 0
C26: P.Trưởng Trung tâm đào tạo | F26: Người lập | H26: Chữ ký giáo viên:
G28: Lưu ý:
G29: - Giáo viên điểm danh theo ngày và đánh dấu: X: có mặt; V: vắng mặt
C30: Ngô Trung Thành | F30: Nguyễn Cao Bình | G30: - Trang thiết bị thực hành (áp dụng đối với nội dung thực hành Nghiệp vụ điều khiển/vận hành thiết bị):
G31: …………………………………………………………………………………............................................

Sheet 22
E2: DANH SÁCH HỌC VIÊN | J2: Biểu mẫu | N2: Mã số: V.TMM-F10
J3: ĐIỂM DANH HỌC VIÊN | N3: Ban hành: 04
N4: Hiệu lực: 28/12/2024
N5: Trang: 1/1
B7: - Môn/Khóa học: | G7: - Môn/Khóa học: | I7: =D7 -> 0
B8: - Loại hình/hình thức đào tạo: Định kỳ/Trực tiếp | G8: =B8 -> - Loại hình/hình thức đào tạo: Định kỳ/Trực tiếp
B9: - Thời gian: | D9: 17-19/8/2026 | G9: =B9 -> - Thời gian: | I9: =D9 -> 17-19/8/2026
B10: - Địa điểm: | D10: TTĐT | G10: =B10 -> - Địa điểm: | I10: =D10 -> TTĐT
B11: - Giáo viên: | G11: - Số học viên tham dự/tổng số học viên: | K11: =COUNTIF($L$14:$L38,"x")&"/"&COUNTA($L$14:$L38) -> 0/0
B12: STT | C12: Mã NV | D12: Họ tên | E12: Đơn vị | F12: Ghi chú | G12: STT | H12: Mã nhân viên | I12: Họ tên | K12: Đơn vị | L12: Ngày | M12: Ngày | N12: Ngày | O12: Ghi chú
L13: =I9 -> 17-19/8/2026
B14: =ROW()-13 -> 1 | G14: =B14 -> 1 | H14: =C14 -> 0 | I14: =D14 -> 0 | K14: =E14 -> 0
B15: =ROW()-13 -> 2 | G15: =B15 -> 2 | H15: =C15 -> 0 | I15: =D15 -> 0 | K15: =E15 -> 0
B16: =ROW()-13 -> 3 | G16: =B16 -> 3 | H16: =C16 -> 0 | I16: =D16 -> 0 | K16: =E16 -> 0
B17: =ROW()-13 -> 4 | G17: =B17 -> 4 | H17: =C17 -> 0 | I17: =D17 -> 0 | K17: =E17 -> 0
B18: =ROW()-13 -> 5 | G18: =B18 -> 5 | H18: =C18 -> 0 | I18: =D18 -> 0 | K18: =E18 -> 0
B19: =ROW()-13 -> 6 | G19: =B19 -> 6 | H19: =C19 -> 0 | I19: =D19 -> 0 | K19: =E19 -> 0
B20: =ROW()-13 -> 7 | G20: =B20 -> 7 | H20: =C20 -> 0 | I20: =D20 -> 0 | K20: =E20 -> 0
B21: =ROW()-13 -> 8 | G21: =B21 -> 8 | H21: =C21 -> 0 | I21: =D21 -> 0 | K21: =E21 -> 0
B22: =ROW()-13 -> 9 | G22: =B22 -> 9 | H22: =C22 -> 0 | I22: =D22 -> 0 | K22: =E22 -> 0
B23: =ROW()-13 -> 10 | G23: =B23 -> 10 | H23: =C23 -> 0 | I23: =D23 -> 0 | K23: =E23 -> 0
B24: =ROW()-13 -> 11 | G24: =B24 -> 11 | H24: =C24 -> 0 | I24: =D24 -> 0 | K24: =E24 -> 0
C25: P.Trưởng Trung tâm đào tạo | F25: Người lập | H25: Chữ ký giáo viên:
G27: Lưu ý:
G28: - Giáo viên điểm danh theo ngày và đánh dấu: X: có mặt; V: vắng mặt
C29: Ngô Trung Thành | F29: Nguyễn Cao Bình | G29: - Trang thiết bị thực hành (áp dụng đối với nội dung thực hành Nghiệp vụ điều khiển/vận hành thiết bị):
G30: …………………………………………………………………………………............................................

Sheet 23
E2: DANH SÁCH HỌC VIÊN | J2: Biểu mẫu | N2: Mã số: V.TMM-F10
J3: ĐIỂM DANH HỌC VIÊN | N3: Ban hành: 04
N4: Hiệu lực: 28/12/2024
N5: Trang: 1/1
B7: - Môn/Khóa học: | G7: - Môn/Khóa học: | I7: =D7 -> 0
B8: - Loại hình/hình thức đào tạo: Bồi dưỡng KT/Trực tiếp | G8: =B8 -> - Loại hình/hình thức đào tạo: Bồi dưỡng KT/Trực tiếp
B9: - Thời gian: | D9: 20-S21/8/2026 | G9: =B9 -> - Thời gian: | I9: =D9 -> 20-S21/8/2026
B10: - Địa điểm: | D10: TTĐT | G10: =B10 -> - Địa điểm: | I10: =D10 -> TTĐT
B11: - Giáo viên: | G11: - Số học viên tham dự/tổng số học viên: | K11: =COUNTIF($L$14:$L47,"x")&"/"&COUNTA($L$14:$L47) -> 0/0
B12: STT | C12: Mã NV | D12: Họ tên | E12: Đơn vị | F12: Ghi chú | G12: STT | H12: Mã nhân viên | I12: Họ tên | K12: Đơn vị | L12: Ngày | M12: Ngày | N12: Ngày | O12: Ghi chú
L13: =I9 -> 20-S21/8/2026
B14: =ROW()-13 -> 1 | G14: =B14 -> 1 | H14: =C14 -> 0 | I14: =D14 -> 0 | K14: =E14 -> 0
B15: =ROW()-13 -> 2 | G15: =B15 -> 2 | H15: =C15 -> 0 | I15: =D15 -> 0 | K15: =E15 -> 0
B16: =ROW()-13 -> 3 | G16: =B16 -> 3 | H16: =C16 -> 0 | I16: =D16 -> 0 | K16: =E16 -> 0
B17: =ROW()-13 -> 4 | G17: =B17 -> 4 | H17: =C17 -> 0 | I17: =D17 -> 0 | K17: =E17 -> 0
B18: =ROW()-13 -> 5 | G18: =B18 -> 5 | H18: =C18 -> 0 | I18: =D18 -> 0 | K18: =E18 -> 0
B19: =ROW()-13 -> 6 | G19: =B19 -> 6 | H19: =C19 -> 0 | I19: =D19 -> 0 | K19: =E19 -> 0
B20: =ROW()-13 -> 7 | G20: =B20 -> 7 | H20: =C20 -> 0 | I20: =D20 -> 0 | K20: =E20 -> 0
B21: =ROW()-13 -> 8 | G21: =B21 -> 8 | H21: =C21 -> 0 | I21: =D21 -> 0 | K21: =E21 -> 0
B22: =ROW()-13 -> 9 | G22: =B22 -> 9 | H22: =C22 -> 0 | I22: =D22 -> 0 | K22: =E22 -> 0
B23: =ROW()-13 -> 10 | G23: =B23 -> 10 | H23: =C23 -> 0 | I23: =D23 -> 0 | K23: =E23 -> 0
B24: =ROW()-13 -> 11 | G24: =B24 -> 11 | H24: =C24 -> 0 | I24: =D24 -> 0 | K24: =E24 -> 0
B25: =ROW()-13 -> 12 | G25: =B25 -> 12 | H25: =C25 -> 0 | I25: =D25 -> 0 | K25: =E25 -> 0
... B33: =ROW()-13 -> 20 | G33: =B33 -> 20 | H33: =C33 -> 0 | I33: =D33 -> 0 | K33: =E33 -> 0
C34: P.Trưởng Trung tâm đào tạo | F34: Người lập | H34: Chữ ký giáo viên:
G36: Lưu ý:
G37: - Giáo viên điểm danh theo ngày và đánh dấu: X: có mặt; V: vắng mặt
C38: Ngô Trung Thành | F38: Nguyễn Cao Bình | G38: - Trang thiết bị thực hành (áp dụng đối với nội dung thực hành Nghiệp vụ điều khiển/vận hành thiết bị):
G39: …………………………………………………………………………………............................................

Sheet 24
E2: DANH SÁCH HỌC VIÊN | J2: Biểu mẫu | N2: Mã số: V.TMM-F10
J3: ĐIỂM DANH HỌC VIÊN | N3: Ban hành: 04
N4: Hiệu lực: 28/12/2024
N5: Trang: 1/1
B7: - Môn/Khóa học: | G7: - Môn/Khóa học: | I7: =D7 -> 0
B8: - Loại hình/hình thức đào tạo: Định kỳ/Elearning+Trực tiếp | G8: =B8 -> - Loại hình/hình thức đào tạo: Định kỳ/Elearning+Trực tiếp
B9: - Thời gian: | D9: S18/8/2026 | G9: =B9 -> - Thời gian: | I9: =D9 -> S18/8/2026
B10: - Địa điểm: | D10: TTĐT | G10: =B10 -> - Địa điểm: | I10: =D10 -> TTĐT
B11: - Giáo viên: | G11: - Số học viên tham dự/tổng số học viên: | K11: =COUNTIF($L$14:$L47,"x")&"/"&COUNTA($L$14:$L47) -> 0/0
B12: STT | C12: Mã NV | D12: Họ tên | E12: Đơn vị | F12: Ghi chú | G12: STT | H12: Mã nhân viên | I12: Họ tên | K12: Đơn vị | L12: Ngày | M12: Ngày | N12: Ngày | O12: Ghi chú
L13: =I9 -> S18/8/2026
B14: =ROW()-13 -> 1 | G14: =B14 -> 1 | H14: =C14 -> 0 | I14: =D14 -> 0 | K14: =E14 -> 0
B15: =ROW()-13 -> 2 | G15: =B15 -> 2 | H15: =C15 -> 0 | I15: =D15 -> 0 | K15: =E15 -> 0
B16: =ROW()-13 -> 3 | G16: =B16 -> 3 | H16: =C16 -> 0 | I16: =D16 -> 0 | K16: =E16 -> 0
B17: =ROW()-13 -> 4 | G17: =B17 -> 4 | H17: =C17 -> 0 | I17: =D17 -> 0 | K17: =E17 -> 0
B18: =ROW()-13 -> 5 | G18: =B18 -> 5 | H18: =C18 -> 0 | I18: =D18 -> 0 | K18: =E18 -> 0
B19: =ROW()-13 -> 6 | G19: =B19 -> 6 | H19: =C19 -> 0 | I19: =D19 -> 0 | K19: =E19 -> 0
B20: =ROW()-13 -> 7 | G20: =B20 -> 7 | H20: =C20 -> 0 | I20: =D20 -> 0 | K20: =E20 -> 0
B21: =ROW()-13 -> 8 | G21: =B21 -> 8 | H21: =C21 -> 0 | I21: =D21 -> 0 | K21: =E21 -> 0
B22: =ROW()-13 -> 9 | G22: =B22 -> 9 | H22: =C22 -> 0 | I22: =D22 -> 0 | K22: =E22 -> 0
B23: =ROW()-13 -> 10 | G23: =B23 -> 10 | H23: =C23 -> 0 | I23: =D23 -> 0 | K23: =E23 -> 0
B24: =ROW()-13 -> 11 | G24: =B24 -> 11 | H24: =C24 -> 0 | I24: =D24 -> 0 | K24: =E24 -> 0
B25: =ROW()-13 -> 12 | G25: =B25 -> 12 | H25: =C25 -> 0 | I25: =D25 -> 0 | K25: =E25 -> 0
... B33: =ROW()-13 -> 20 | G33: =B33 -> 20 | H33: =C33 -> 0 | I33: =D33 -> 0 | K33: =E33 -> 0
C34: P.Trưởng Trung tâm đào tạo | F34: Người lập | H34: Chữ ký giáo viên:
G36: Lưu ý:
G37: - Giáo viên điểm danh theo ngày và đánh dấu: X: có mặt; V: vắng mặt
C38: Ngô Trung Thành | F38: Nguyễn Cao Bình | G38: - Trang thiết bị thực hành (áp dụng đối với nội dung thực hành Nghiệp vụ điều khiển/vận hành thiết bị):
G39: …………………………………………………………………………………............................................

Sheet 25
E2: DANH SÁCH HỌC VIÊN | J2: Biểu mẫu | N2: Mã số: V.TMM-F10
J3: ĐIỂM DANH HỌC VIÊN | N3: Ban hành: 04
N4: Hiệu lực: 28/12/2024
N5: Trang: 1/1
B7: - Môn/Khóa học: | G7: - Môn/Khóa học: | I7: =D7 -> 0
B8: - Loại hình/hình thức đào tạo: Định kỳ/Elearning+Trực tiếp | G8: =B8 -> - Loại hình/hình thức đào tạo: Định kỳ/Elearning+Trực tiếp
B9: - Thời gian: | D9: C18/8/2026 | G9: =B9 -> - Thời gian: | I9: =D9 -> C18/8/2026
B10: - Địa điểm: | D10: TTĐT | G10: =B10 -> - Địa điểm: | I10: =D10 -> TTĐT
B11: - Giáo viên: | G11: - Số học viên tham dự/tổng số học viên: | K11: =COUNTIF($L$14:$L47,"x")&"/"&COUNTA($L$14:$L47) -> 0/0
B12: STT | C12: Mã NV | D12: Họ tên | E12: Đơn vị | F12: Ghi chú | G12: STT | H12: Mã nhân viên | I12: Họ tên | K12: Đơn vị | L12: Ngày | M12: Ngày | N12: Ngày | O12: Ghi chú
L13: =I9 -> C18/8/2026
B14: =ROW()-13 -> 1 | G14: =B14 -> 1 | H14: =C14 -> 0 | I14: =D14 -> 0 | K14: =E14 -> 0
B15: =ROW()-13 -> 2 | G15: =B15 -> 2 | H15: =C15 -> 0 | I15: =D15 -> 0 | K15: =E15 -> 0
B16: =ROW()-13 -> 3 | G16: =B16 -> 3 | H16: =C16 -> 0 | I16: =D16 -> 0 | K16: =E16 -> 0
B17: =ROW()-13 -> 4 | G17: =B17 -> 4 | H17: =C17 -> 0 | I17: =D17 -> 0 | K17: =E17 -> 0
B18: =ROW()-13 -> 5 | G18: =B18 -> 5 | H18: =C18 -> 0 | I18: =D18 -> 0 | K18: =E18 -> 0
B19: =ROW()-13 -> 6 | G19: =B19 -> 6 | H19: =C19 -> 0 | I19: =D19 -> 0 | K19: =E19 -> 0
B20: =ROW()-13 -> 7 | G20: =B20 -> 7 | H20: =C20 -> 0 | I20: =D20 -> 0 | K20: =E20 -> 0
B21: =ROW()-13 -> 8 | G21: =B21 -> 8 | H21: =C21 -> 0 | I21: =D21 -> 0 | K21: =E21 -> 0
B22: =ROW()-13 -> 9 | G22: =B22 -> 9 | H22: =C22 -> 0 | I22: =D22 -> 0 | K22: =E22 -> 0
B23: =ROW()-13 -> 10 | G23: =B23 -> 10 | H23: =C23 -> 0 | I23: =D23 -> 0 | K23: =E23 -> 0
B24: =ROW()-13 -> 11 | G24: =B24 -> 11 | H24: =C24 -> 0 | I24: =D24 -> 0 | K24: =E24 -> 0
B25: =ROW()-13 -> 12 | G25: =B25 -> 12 | H25: =C25 -> 0 | I25: =D25 -> 0 | K25: =E25 -> 0
... B33: =ROW()-13 -> 20 | G33: =B33 -> 20 | H33: =C33 -> 0 | I33: =D33 -> 0 | K33: =E33 -> 0
C34: P.Trưởng Trung tâm đào tạo | F34: Người lập | H34: Chữ ký giáo viên:
G36: Lưu ý:
G37: - Giáo viên điểm danh theo ngày và đánh dấu: X: có mặt; V: vắng mặt
C38: Ngô Trung Thành | F38: Nguyễn Cao Bình | G38: - Trang thiết bị thực hành (áp dụng đối với nội dung thực hành Nghiệp vụ điều khiển/vận hành thiết bị):
G39: …………………………………………………………………………………............................................

Sheet 26
E2: DANH SÁCH HỌC VIÊN | J2: Biểu mẫu | N2: Mã số: V.TMM-F10
J3: ĐIỂM DANH HỌC VIÊN | N3: Ban hành: 04
N4: Hiệu lực: 28/12/2024
N5: Trang: 1/1
B7: - Môn/Khóa học: | G7: - Môn/Khóa học: | I7: =D7 -> 0
B8: - Loại hình/hình thức đào tạo: Bồi dưỡng KT/Trực tiếp | G8: =B8 -> - Loại hình/hình thức đào tạo: Bồi dưỡng KT/Trực tiếp
B9: - Thời gian: | D9: 20-S21/8/2026 | G9: =B9 -> - Thời gian: | I9: =D9 -> 20-S21/8/2026
B10: - Địa điểm: | D10: VNBA | G10: =B10 -> - Địa điểm: | I10: =D10 -> VNBA
B11: - Giáo viên: | G11: - Số học viên tham dự/tổng số học viên: | K11: =COUNTIF($L$14:$L35,"x")&"/"&COUNTA($L$14:$L35) -> 0/0
B12: STT | C12: Mã NV | D12: Họ tên | E12: Đơn vị | F12: Ghi chú | G12: STT | H12: Mã nhân viên | I12: Họ tên | K12: Đơn vị | L12: Ngày | M12: Ngày | N12: Ngày | O12: Ghi chú
L13: =I9 -> 20-S21/8/2026
B14: =ROW()-13 -> 1 | G14: =B14 -> 1 | H14: =C14 -> 0 | I14: =D14 -> 0 | K14: =E14 -> 0
B15: =ROW()-13 -> 2 | G15: =B15 -> 2 | H15: =C15 -> 0 | I15: =D15 -> 0 | K15: =E15 -> 0
B16: =ROW()-13 -> 3 | G16: =B16 -> 3 | H16: =C16 -> 0 | I16: =D16 -> 0 | K16: =E16 -> 0
B17: =ROW()-13 -> 4 | G17: =B17 -> 4 | H17: =C17 -> 0 | I17: =D17 -> 0 | K17: =E17 -> 0
B18: =ROW()-13 -> 5 | G18: =B18 -> 5 | H18: =C18 -> 0 | I18: =D18 -> 0 | K18: =E18 -> 0
B19: =ROW()-13 -> 6 | G19: =B19 -> 6 | H19: =C19 -> 0 | I19: =D19 -> 0 | K19: =E19 -> 0
B20: =ROW()-13 -> 7 | G20: =B20 -> 7 | H20: =C20 -> 0 | I20: =D20 -> 0 | K20: =E20 -> 0
B21: =ROW()-13 -> 8 | G21: =B21 -> 8 | H21: =C21 -> 0 | I21: =D21 -> 0 | K21: =E21 -> 0
C22: P.Trưởng Trung tâm đào tạo | F22: Người lập | H22: Chữ ký giáo viên:
G24: Lưu ý:
G25: - Giáo viên điểm danh theo ngày và đánh dấu: X: có mặt; V: vắng mặt
C26: Ngô Trung Thành | F26: Nguyễn Cao Bình | G26: - Trang thiết bị thực hành (áp dụng đối với nội dung thực hành Nghiệp vụ điều khiển/vận hành thiết bị):
G27: …………………………………………………………………………………............................................

Sheet 27
E2: DANH SÁCH HỌC VIÊN | J2: Biểu mẫu | N2: Mã số: V.TMM-F10
J3: ĐIỂM DANH HỌC VIÊN | N3: Ban hành: 04
N4: Hiệu lực: 28/12/2024
N5: Trang: 1/1
B7: - Môn/Khóa học: | G7: - Môn/Khóa học: | I7: =D7 -> 0
B8: - Loại hình/hình thức đào tạo: Định kỳ/Trực tiếp | G8: =B8 -> - Loại hình/hình thức đào tạo: Định kỳ/Trực tiếp
B9: - Thời gian: | D9: C18/8/2026 | G9: =B9 -> - Thời gian: | I9: =D9 -> C18/8/2026
B10: - Địa điểm: | D10: TTĐT | G10: =B10 -> - Địa điểm: | I10: =D10 -> TTĐT
B11: - Giáo viên: | G11: - Số học viên tham dự/tổng số học viên: | K11: =COUNTIF($L$15:$L41,"x")&"/"&COUNTA($L$15:$L41) -> 11/11
B12: STT | C12: Mã NV | D12: Họ tên | E12: Đơn vị | F12: Ghi chú | G12: STT | H12: Mã nhân viên | I12: Họ tên | K12: Đơn vị | L12: Ngày | M12: Ngày | N12: Ngày | O12: Ghi chú
L13: =I9 -> C18/8/2026
B14: =ROW()-13 -> 1 | G14: =B14 -> 1 | H14: =C14 -> 0 | I14: =D14 -> 0 | K14: =E14 -> 0
B15: =ROW()-13 -> 2 | G15: =B15 -> 2 | H15: =C15 -> 0 | I15: =D15 -> 0 | K15: =E15 -> 0 | L15: X
B16: =ROW()-13 -> 3 | G16: =B16 -> 3 | H16: =C16 -> 0 | I16: =D16 -> 0 | K16: =E16 -> 0 | L16: X
B17: =ROW()-13 -> 4 | G17: =B17 -> 4 | H17: =C17 -> 0 | I17: =D17 -> 0 | K17: =E17 -> 0 | L17: X
B18: =ROW()-13 -> 5 | G18: =B18 -> 5 | H18: =C18 -> 0 | I18: =D18 -> 0 | K18: =E18 -> 0 | L18: X
B19: =ROW()-13 -> 6 | G19: =B19 -> 6 | H19: =C19 -> 0 | I19: =D19 -> 0 | K19: =E19 -> 0 | L19: x
B20: =ROW()-13 -> 7 | G20: =B20 -> 7 | H20: =C20 -> 0 | I20: =D20 -> 0 | K20: =E20 -> 0 | L20: X
B21: =ROW()-13 -> 8 | G21: =B21 -> 8 | H21: =C21 -> 0 | I21: =D21 -> 0 | K21: =E21 -> 0 | L21: x
B22: =ROW()-13 -> 9 | G22: =B22 -> 9 | H22: =C22 -> 0 | I22: =D22 -> 0 | K22: =E22 -> 0
B23: =ROW()-13 -> 10 | G23: =B23 -> 10 | H23: =C23 -> 0 | I23: =D23 -> 0 | K23: =E23 -> 0 | L23: X
B24: =ROW()-13 -> 11 | G24: =B24 -> 11 | H24: =C24 -> 0 | I24: =D24 -> 0 | K24: =E24 -> 0 | L24: X
B25: =ROW()-13 -> 12 | G25: =B25 -> 12 | H25: =C25 -> 0 | I25: =D25 -> 0 | K25: =E25 -> 0 | L25: X
B26: =ROW()-13 -> 13 | G26: =B26 -> 13 | H26: =C26 -> 0 | I26: =D26 -> 0 | K26: =E26 -> 0 | L26: X
B27: =ROW()-13 -> 14 | G27: =B27 -> 14 | H27: =C27 -> 0 | I27: =D27 -> 0 | K27: =E27 -> 0
C28: P.Trưởng Trung tâm đào tạo | F28: Người lập | H28: Chữ ký giáo viên:
G30: Lưu ý:
G31: - Giáo viên điểm danh theo ngày và đánh dấu: X: có mặt; V: vắng mặt
C32: Ngô Trung Thành | F32: Nguyễn Cao Bình | G32: - Trang thiết bị thực hành (áp dụng đối với nội dung thực hành Nghiệp vụ điều khiển/vận hành thiết bị):
G33: …………………………………………………………………………………............................................

Sheet 28
E2: DANH SÁCH HỌC VIÊN | J2: Biểu mẫu | N2: Mã số: V.TMM-F10
J3: ĐIỂM DANH HỌC VIÊN | N3: Ban hành: 04
N4: Hiệu lực: 28/12/2024
N5: Trang: 1/1
B7: - Môn/Khóa học: | G7: - Môn/Khóa học: | I7: =D7 -> 0
B8: - Loại hình/hình thức đào tạo: Định kỳ/Trực tiếp | G8: =B8 -> - Loại hình/hình thức đào tạo: Định kỳ/Trực tiếp
B9: - Thời gian: | D9: C20/8/2026 | G9: =B9 -> - Thời gian: | I9: =D9 -> C20/8/2026
B10: - Địa điểm: | D10: TTĐT | G10: =B10 -> - Địa điểm: | I10: =D10 -> TTĐT
B11: - Giáo viên: | G11: - Số học viên tham dự/tổng số học viên: | K11: =COUNTIF($L$14:$L36,"x")&"/"&COUNTA($L$14:$L36) -> 0/0
B12: STT | C12: Mã NV | D12: Họ tên | E12: Đơn vị | F12: Ghi chú | G12: STT | H12: Mã nhân viên | I12: Họ tên | K12: Đơn vị | L12: Ngày | M12: Ngày | N12: Ngày | O12: Ghi chú
L13: =I9 -> C20/8/2026
B14: =ROW()-13 -> 1 | C14: ASO10149 | D14: Đỗ Tuấn Dương | E14: ASOC - NBA | G14: =B14 -> 1 | H14: =C14 -> ASO10149 | I14: =D14 -> Đỗ Tuấn Dương | K14: =E14 -> ASOC - NBA
B15: =ROW()-13 -> 2 | C15: ASO03838 | D15: Trần Thế Dũng | E15: ASOC - NBA | G15: =B15 -> 2 | H15: =C15 -> ASO03838 | I15: =D15 -> Trần Thế Dũng | K15: =E15 -> ASOC - NBA
B16: =ROW()-13 -> 3 | C16: ASO03837 | D16: Trần Văn Hiệp | E16: ASOC - NBA | G16: =B16 -> 3 | H16: =C16 -> ASO03837 | I16: =D16 -> Trần Văn Hiệp | K16: =E16 -> ASOC - NBA
B17: =ROW()-13 -> 4 | C17: ASO03841 | D17: Vũ Phi Long | E17: ASOC - NBA | G17: =B17 -> 4 | H17: =C17 -> ASO03841 | I17: =D17 -> Vũ Phi Long | K17: =E17 -> ASOC - NBA
B18: =ROW()-13 -> 5 | C18: ASO03904 | D18: Nguyễn Hoàng Minh Khôi | E18: ASOC - NBA | G18: =B18 -> 5 | H18: =C18 -> ASO03904 | I18: =D18 -> Nguyễn Hoàng Minh Khôi | K18: =E18 -> ASOC - NBA
B19: =ROW()-13 -> 6 | C19: CPM00496 | D19: Phạm Trung Hải | E19: ASOC - NBA | G19: =B19 -> 6 | H19: =C19 -> CPM00496 | I19: =D19 -> Phạm Trung Hải | K19: =E19 -> ASOC - NBA
B20: =ROW()-13 -> 7 | C20: ASO10150 | D20: Tạ Quang Anh | E20: ASOC - NBA | G20: =B20 -> 7 | H20: =C20 -> ASO10150 | I20: =D20 -> Tạ Quang Anh | K20: =E20 -> ASOC - NBA
B21: =ROW()-13 -> 8 | C21: ASO10446 | D21: Lê Anh Tuấn | E21: ASOC - NBA | G21: =B21 -> 8 | H21: =C21 -> ASO10446 | I21: =D21 -> Lê Anh Tuấn | K21: =E21 -> ASOC - NBA
B22: =ROW()-13 -> 9 | C22: ASO03791 | D22: Đoàn Mạnh Hà | E22: ASOC - NBA | G22: =B22 -> 9 | H22: =C22 -> ASO03791 | I22: =D22 -> Đoàn Mạnh Hà | K22: =E22 -> ASOC - NBA
C23: P.Trưởng Trung tâm đào tạo | F23: Người lập | H23: Chữ ký giáo viên:
G25: Lưu ý:
G26: - Giáo viên điểm danh theo ngày và đánh dấu: X: có mặt; V: vắng mặt
C27: Ngô Trung Thành | F27: Nguyễn Cao Bình | G27: - Trang thiết bị thực hành (áp dụng đối với nội dung thực hành Nghiệp vụ điều khiển/vận hành thiết bị):
G28: …………………………………………………………………………………............................................

Sheet 29
E2: DANH SÁCH HỌC VIÊN | J2: Biểu mẫu | N2: Mã số: V.TMM-F10
J3: ĐIỂM DANH HỌC VIÊN | N3: Ban hành: 04
N4: Hiệu lực: 28/12/2024
N5: Trang: 1/1
B7: - Môn/Khóa học: | G7: - Môn/Khóa học: | I7: =D7 -> 0
B8: - Loại hình/hình thức đào tạo: Định kỳ/ Trực tuyến | G8: =B8 -> - Loại hình/hình thức đào tạo: Định kỳ/ Trực tuyến
B9: - Thời gian: | D9: 19/8/2026 | G9: =B9 -> - Thời gian: | I9: =D9 -> 19/8/2026
B10: - Địa điểm: | D10: TTĐT | G10: =B10 -> - Địa điểm: | I10: =D10 -> TTĐT
B11: - Giáo viên: | G11: - Số học viên tham dự/tổng số học viên: | K11: =COUNTIF($L$14:$L35,"x")&"/"&COUNTA($L$14:$L35) -> 0/0
B12: STT | C12: Mã NV | D12: Họ tên | E12: Đơn vị | F12: Ghi chú | G12: STT | H12: Mã nhân viên | I12: Họ tên | K12: Đơn vị | L12: Ngày | M12: Ngày | N12: Ngày | O12: Ghi chú
L13: 19/8
B14: =ROW()-13 -> 1 | G14: =B14 -> 1 | H14: =C14 -> 0 | I14: =D14 -> 0 | K14: =E14 -> 0
B15: =ROW()-13 -> 2 | G15: =B15 -> 2 | H15: =C15 -> 0 | I15: =D15 -> 0 | K15: =E15 -> 0
B16: =ROW()-13 -> 3 | G16: =B16 -> 3 | H16: =C16 -> 0 | I16: =D16 -> 0 | K16: =E16 -> 0
B17: =ROW()-13 -> 4 | G17: =B17 -> 4 | H17: =C17 -> 0 | I17: =D17 -> 0 | K17: =E17 -> 0
B18: =ROW()-13 -> 5 | G18: =B18 -> 5 | H18: =C18 -> 0 | I18: =D18 -> 0 | K18: =E18 -> 0
B19: =ROW()-13 -> 6 | G19: =B19 -> 6 | H19: =C19 -> 0 | I19: =D19 -> 0 | K19: =E19 -> 0
B20: =ROW()-13 -> 7 | G20: =B20 -> 7 | H20: =C20 -> 0 | I20: =D20 -> 0 | K20: =E20 -> 0
B21: =ROW()-13 -> 8 | G21: =B21 -> 8 | H21: =C21 -> 0 | I21: =D21 -> 0 | K21: =E21 -> 0
C22: P.Trưởng Trung tâm đào tạo | F22: Người lập | H22: Chữ ký giáo viên:
G24: Lưu ý:
G25: - Giáo viên điểm danh theo ngày và đánh dấu: X: có mặt; V: vắng mặt
C26: Ngô Trung Thành | F26: Nguyễn Cao Bình | G26: - Trang thiết bị thực hành (áp dụng đối với nội dung thực hành Nghiệp vụ điều khiển/vận hành thiết bị):
G27: …………………………………………………………………………………............................................

Sheet 30
E2: DANH SÁCH HỌC VIÊN | J2: Biểu mẫu | N2: Mã số: V.TMM-F10
J3: ĐIỂM DANH HỌC VIÊN | N3: Ban hành: 04
N4: Hiệu lực: 28/12/2024
N5: Trang: 1/1
B7: - Môn/Khóa học: | G7: - Môn/Khóa học: | I7: =D7 -> 0
B8: - Loại hình/hình thức đào tạo: Ban đầu/Trực tiếp | G8: =B8 -> - Loại hình/hình thức đào tạo: Ban đầu/Trực tiếp
B9: - Thời gian: | D9: 20/8/2026 | G9: =B9 -> - Thời gian: | I9: =D9 -> 20/8/2026
B10: - Địa điểm: | D10: TTĐT | G10: =B10 -> - Địa điểm: | I10: =D10 -> TTĐT
B11: - Giáo viên: | G11: - Số học viên tham dự/tổng số học viên: | K11: =COUNTIF($L$14:$L35,"x")&"/"&COUNTA($L$14:$L35) -> 0/0
B12: STT | C12: Mã NV | D12: Họ tên | E12: Đơn vị | F12: Ghi chú | G12: STT | H12: Mã nhân viên | I12: Họ tên | K12: Đơn vị | L12: Ngày | M12: Ngày | N12: Ngày | O12: Ghi chú
L13: =I9 -> 20/8/2026
B14: =ROW()-13 -> 1 | G14: =B14 -> 1 | H14: =C14 -> 0 | I14: =D14 -> 0 | K14: =E14 -> 0
B15: =ROW()-13 -> 2 | G15: =B15 -> 2 | H15: =C15 -> 0 | I15: =D15 -> 0 | K15: =E15 -> 0
B16: =ROW()-13 -> 3 | G16: =B16 -> 3 | H16: =C16 -> 0 | I16: =D16 -> 0 | K16: =E16 -> 0
B17: =ROW()-13 -> 4 | G17: =B17 -> 4 | H17: =C17 -> 0 | I17: =D17 -> 0 | K17: =E17 -> 0
B18: =ROW()-13 -> 5 | G18: =B18 -> 5 | H18: =C18 -> 0 | I18: =D18 -> 0 | K18: =E18 -> 0
B19: =ROW()-13 -> 6 | G19: =B19 -> 6 | H19: =C19 -> 0 | I19: =D19 -> 0 | K19: =E19 -> 0
B20: =ROW()-13 -> 7 | G20: =B20 -> 7 | H20: =C20 -> 0 | I20: =D20 -> 0 | K20: =E20 -> 0
B21: =ROW()-13 -> 8 | G21: =B21 -> 8 | H21: =C21 -> 0 | I21: =D21 -> 0 | K21: =E21 -> 0
C22: P.Trưởng Trung tâm đào tạo | F22: Người lập | H22: Chữ ký giáo viên:
G24: Lưu ý:
G25: - Giáo viên điểm danh theo ngày và đánh dấu: X: có mặt; V: vắng mặt
C26: Ngô Trung Thành | F26: Nguyễn Cao Bình | G26: - Trang thiết bị thực hành (áp dụng đối với nội dung thực hành Nghiệp vụ điều khiển/vận hành thiết bị):
G27: …………………………………………………………………………………............................................

Sheet 31
E2: DANH SÁCH HỌC VIÊN | J2: Biểu mẫu | N2: Mã số: V.TMM-F10
J3: ĐIỂM DANH HỌC VIÊN | N3: Ban hành: 04
N4: Hiệu lực: 28/12/2024
N5: Trang: 1/1
B7: - Môn/Khóa học: | G7: - Môn/Khóa học: | I7: =D7 -> 0
B8: - Loại hình/hình thức đào tạo: Định kỳ/Elearning+Trực tiếp | G8: =B8 -> - Loại hình/hình thức đào tạo: Định kỳ/Elearning+Trực tiếp
B9: - Thời gian: | D9: S18/8/2026 | G9: =B9 -> - Thời gian: | I9: =D9 -> S18/8/2026
B10: - Địa điểm: | D10: TTĐT | G10: =B10 -> - Địa điểm: | I10: =D10 -> TTĐT
B11: - Giáo viên: | G11: - Số học viên tham dự/tổng số học viên: | K11: =COUNTIF($L$14:$L47,"x")&"/"&COUNTA($L$14:$L47) -> 0/0
B12: STT | C12: Mã NV | D12: Họ tên | E12: Đơn vị | F12: Ghi chú | G12: STT | H12: Mã nhân viên | I12: Họ tên | K12: Đơn vị | L12: Ngày | M12: Ngày | N12: Ngày | O12: Ghi chú
L13: =I9 -> S18/8/2026
B14: =ROW()-13 -> 1 | G14: =B14 -> 1 | H14: =C14 -> 0 | I14: =D14 -> 0 | K14: =E14 -> 0
B15: =ROW()-13 -> 2 | G15: =B15 -> 2 | H15: =C15 -> 0 | I15: =D15 -> 0 | K15: =E15 -> 0
B16: =ROW()-13 -> 3 | G16: =B16 -> 3 | H16: =C16 -> 0 | I16: =D16 -> 0 | K16: =E16 -> 0
B17: =ROW()-13 -> 4 | G17: =B17 -> 4 | H17: =C17 -> 0 | I17: =D17 -> 0 | K17: =E17 -> 0
B18: =ROW()-13 -> 5 | G18: =B18 -> 5 | H18: =C18 -> 0 | I18: =D18 -> 0 | K18: =E18 -> 0
B19: =ROW()-13 -> 6 | G19: =B19 -> 6 | H19: =C19 -> 0 | I19: =D19 -> 0 | K19: =E19 -> 0
B20: =ROW()-13 -> 7 | G20: =B20 -> 7 | H20: =C20 -> 0 | I20: =D20 -> 0 | K20: =E20 -> 0
B21: =ROW()-13 -> 8 | G21: =B21 -> 8 | H21: =C21 -> 0 | I21: =D21 -> 0 | K21: =E21 -> 0
B22: =ROW()-13 -> 9 | G22: =B22 -> 9 | H22: =C22 -> 0 | I22: =D22 -> 0 | K22: =E22 -> 0
B23: =ROW()-13 -> 10 | G23: =B23 -> 10 | H23: =C23 -> 0 | I23: =D23 -> 0 | K23: =E23 -> 0
B24: =ROW()-13 -> 11 | G24: =B24 -> 11 | H24: =C24 -> 0 | I24: =D24 -> 0 | K24: =E24 -> 0
B25: =ROW()-13 -> 12 | G25: =B25 -> 12 | H25: =C25 -> 0 | I25: =D25 -> 0 | K25: =E25 -> 0
... B33: =ROW()-13 -> 20 | G33: =B33 -> 20 | H33: =C33 -> 0 | I33: =D33 -> 0 | K33: =E33 -> 0
C34: P.Trưởng Trung tâm đào tạo | F34: Người lập | H34: Chữ ký giáo viên:
G36: Lưu ý:
G37: - Giáo viên điểm danh theo ngày và đánh dấu: X: có mặt; V: vắng mặt
C38: Ngô Trung Thành | F38: Nguyễn Cao Bình | G38: - Trang thiết bị thực hành (áp dụng đối với nội dung thực hành Nghiệp vụ điều khiển/vận hành thiết bị):
G39: …………………………………………………………………………………............................................

Sheet 32
E2: DANH SÁCH HỌC VIÊN | J2: Biểu mẫu | N2: Mã số: V.TMM-F10
J3: ĐIỂM DANH HỌC VIÊN | N3: Ban hành: 04
N4: Hiệu lực: 28/12/2024
N5: Trang: 1/1
B7: - Môn/Khóa học: | G7: - Môn/Khóa học: | I7: =D7 -> 0
B8: - Loại hình/hình thức đào tạo: Định kỳ/Elearning+Trực tiếp | G8: =B8 -> - Loại hình/hình thức đào tạo: Định kỳ/Elearning+Trực tiếp
B9: - Thời gian: | D9: S18/8/2026 | G9: =B9 -> - Thời gian: | I9: =D9 -> S18/8/2026
B10: - Địa điểm: | D10: TTĐT | G10: =B10 -> - Địa điểm: | I10: =D10 -> TTĐT
B11: - Giáo viên: | G11: - Số học viên tham dự/tổng số học viên: | K11: =COUNTIF($L$14:$L47,"x")&"/"&COUNTA($L$14:$L47) -> 0/0
B12: STT | C12: Mã NV | D12: Họ tên | E12: Đơn vị | F12: Ghi chú | G12: STT | H12: Mã nhân viên | I12: Họ tên | K12: Đơn vị | L12: Ngày | M12: Ngày | N12: Ngày | O12: Ghi chú
L13: =I9 -> S18/8/2026
B14: =ROW()-13 -> 1 | G14: =B14 -> 1 | H14: =C14 -> 0 | I14: =D14 -> 0 | K14: =E14 -> 0
B15: =ROW()-13 -> 2 | G15: =B15 -> 2 | H15: =C15 -> 0 | I15: =D15 -> 0 | K15: =E15 -> 0
B16: =ROW()-13 -> 3 | G16: =B16 -> 3 | H16: =C16 -> 0 | I16: =D16 -> 0 | K16: =E16 -> 0
B17: =ROW()-13 -> 4 | G17: =B17 -> 4 | H17: =C17 -> 0 | I17: =D17 -> 0 | K17: =E17 -> 0
B18: =ROW()-13 -> 5 | G18: =B18 -> 5 | H18: =C18 -> 0 | I18: =D18 -> 0 | K18: =E18 -> 0
B19: =ROW()-13 -> 6 | G19: =B19 -> 6 | H19: =C19 -> 0 | I19: =D19 -> 0 | K19: =E19 -> 0
B20: =ROW()-13 -> 7 | G20: =B20 -> 7 | H20: =C20 -> 0 | I20: =D20 -> 0 | K20: =E20 -> 0
B21: =ROW()-13 -> 8 | G21: =B21 -> 8 | H21: =C21 -> 0 | I21: =D21 -> 0 | K21: =E21 -> 0
B22: =ROW()-13 -> 9 | G22: =B22 -> 9 | H22: =C22 -> 0 | I22: =D22 -> 0 | K22: =E22 -> 0
B23: =ROW()-13 -> 10 | G23: =B23 -> 10 | H23: =C23 -> 0 | I23: =D23 -> 0 | K23: =E23 -> 0
B24: =ROW()-13 -> 11 | G24: =B24 -> 11 | H24: =C24 -> 0 | I24: =D24 -> 0 | K24: =E24 -> 0
B25: =ROW()-13 -> 12 | G25: =B25 -> 12 | H25: =C25 -> 0 | I25: =D25 -> 0 | K25: =E25 -> 0
... B33: =ROW()-13 -> 20 | G33: =B33 -> 20 | H33: =C33 -> 0 | I33: =D33 -> 0 | K33: =E33 -> 0
C34: P.Trưởng Trung tâm đào tạo | F34: Người lập | H34: Chữ ký giáo viên:
G36: Lưu ý:
G37: - Giáo viên điểm danh theo ngày và đánh dấu: X: có mặt; V: vắng mặt
C38: Ngô Trung Thành | F38: Nguyễn Cao Bình | G38: - Trang thiết bị thực hành (áp dụng đối với nội dung thực hành Nghiệp vụ điều khiển/vận hành thiết bị):
G39: …………………………………………………………………………………............................................

Sheet 33
E2: DANH SÁCH HỌC VIÊN | J2: Biểu mẫu | N2: Mã số: V.TMM-F10
J3: ĐIỂM DANH HỌC VIÊN | N3: Ban hành: 04
N4: Hiệu lực: 28/12/2024
N5: Trang: 1/1
B7: - Môn/Khóa học: | G7: - Môn/Khóa học: | I7: =D7 -> 0
B8: - Loại hình/hình thức đào tạo: Định kỳ/Elearning+Trực tiếp | G8: =B8 -> - Loại hình/hình thức đào tạo: Định kỳ/Elearning+Trực tiếp
B9: - Thời gian: | D9: C18/8/2026 | G9: =B9 -> - Thời gian: | I9: =D9 -> C18/8/2026
B10: - Địa điểm: | D10: TTĐT | G10: =B10 -> - Địa điểm: | I10: =D10 -> TTĐT
B11: - Giáo viên: | G11: - Số học viên tham dự/tổng số học viên: | K11: =COUNTIF($L$14:$L47,"x")&"/"&COUNTA($L$14:$L47) -> 0/0
B12: STT | C12: Mã NV | D12: Họ tên | E12: Đơn vị | F12: Ghi chú | G12: STT | H12: Mã nhân viên | I12: Họ tên | K12: Đơn vị | L12: Ngày | M12: Ngày | N12: Ngày | O12: Ghi chú
L13: =I9 -> C18/8/2026
B14: =ROW()-13 -> 1 | G14: =B14 -> 1 | H14: =C14 -> 0 | I14: =D14 -> 0 | K14: =E14 -> 0
B15: =ROW()-13 -> 2 | G15: =B15 -> 2 | H15: =C15 -> 0 | I15: =D15 -> 0 | K15: =E15 -> 0
B16: =ROW()-13 -> 3 | G16: =B16 -> 3 | H16: =C16 -> 0 | I16: =D16 -> 0 | K16: =E16 -> 0
B17: =ROW()-13 -> 4 | G17: =B17 -> 4 | H17: =C17 -> 0 | I17: =D17 -> 0 | K17: =E17 -> 0
B18: =ROW()-13 -> 5 | G18: =B18 -> 5 | H18: =C18 -> 0 | I18: =D18 -> 0 | K18: =E18 -> 0
B19: =ROW()-13 -> 6 | G19: =B19 -> 6 | H19: =C19 -> 0 | I19: =D19 -> 0 | K19: =E19 -> 0
B20: =ROW()-13 -> 7 | G20: =B20 -> 7 | H20: =C20 -> 0 | I20: =D20 -> 0 | K20: =E20 -> 0
B21: =ROW()-13 -> 8 | G21: =B21 -> 8 | H21: =C21 -> 0 | I21: =D21 -> 0 | K21: =E21 -> 0
B22: =ROW()-13 -> 9 | G22: =B22 -> 9 | H22: =C22 -> 0 | I22: =D22 -> 0 | K22: =E22 -> 0
B23: =ROW()-13 -> 10 | G23: =B23 -> 10 | H23: =C23 -> 0 | I23: =D23 -> 0 | K23: =E23 -> 0
B24: =ROW()-13 -> 11 | G24: =B24 -> 11 | H24: =C24 -> 0 | I24: =D24 -> 0 | K24: =E24 -> 0
B25: =ROW()-13 -> 12 | G25: =B25 -> 12 | H25: =C25 -> 0 | I25: =D25 -> 0 | K25: =E25 -> 0
... B33: =ROW()-13 -> 20 | G33: =B33 -> 20 | H33: =C33 -> 0 | I33: =D33 -> 0 | K33: =E33 -> 0
C34: P.Trưởng Trung tâm đào tạo | F34: Người lập | H34: Chữ ký giáo viên:
G36: Lưu ý:
G37: - Giáo viên điểm danh theo ngày và đánh dấu: X: có mặt; V: vắng mặt
C38: Ngô Trung Thành | F38: Nguyễn Cao Bình | G38: - Trang thiết bị thực hành (áp dụng đối với nội dung thực hành Nghiệp vụ điều khiển/vận hành thiết bị):
G39: …………………………………………………………………………………............................................

Sheet 34
E2: DANH SÁCH HỌC VIÊN | J2: Biểu mẫu | N2: Mã số: V.TMM-F10
J3: ĐIỂM DANH HỌC VIÊN | N3: Ban hành: 04
N4: Hiệu lực: 28/12/2024
N5: Trang: 1/1
B7: - Môn/Khóa học: | G7: - Môn/Khóa học: | I7: =D7 -> 0
B8: - Loại hình/hình thức đào tạo: Định kỳ/Elearning+Trực tiếp | G8: =B8 -> - Loại hình/hình thức đào tạo: Định kỳ/Elearning+Trực tiếp
B9: - Thời gian: | D9: C18/8/2026 | G9: =B9 -> - Thời gian: | I9: =D9 -> C18/8/2026
B10: - Địa điểm: | D10: TTĐT | G10: =B10 -> - Địa điểm: | I10: =D10 -> TTĐT
B11: - Giáo viên: | G11: - Số học viên tham dự/tổng số học viên: | K11: =COUNTIF($L$14:$L47,"x")&"/"&COUNTA($L$14:$L47) -> 0/0
B12: STT | C12: Mã NV | D12: Họ tên | E12: Đơn vị | F12: Ghi chú | G12: STT | H12: Mã nhân viên | I12: Họ tên | K12: Đơn vị | L12: Ngày | M12: Ngày | N12: Ngày | O12: Ghi chú
L13: =I9 -> C18/8/2026
B14: =ROW()-13 -> 1 | G14: =B14 -> 1 | H14: =C14 -> 0 | I14: =D14 -> 0 | K14: =E14 -> 0
B15: =ROW()-13 -> 2 | G15: =B15 -> 2 | H15: =C15 -> 0 | I15: =D15 -> 0 | K15: =E15 -> 0
B16: =ROW()-13 -> 3 | G16: =B16 -> 3 | H16: =C16 -> 0 | I16: =D16 -> 0 | K16: =E16 -> 0
B17: =ROW()-13 -> 4 | G17: =B17 -> 4 | H17: =C17 -> 0 | I17: =D17 -> 0 | K17: =E17 -> 0
B18: =ROW()-13 -> 5 | G18: =B18 -> 5 | H18: =C18 -> 0 | I18: =D18 -> 0 | K18: =E18 -> 0
B19: =ROW()-13 -> 6 | G19: =B19 -> 6 | H19: =C19 -> 0 | I19: =D19 -> 0 | K19: =E19 -> 0
B20: =ROW()-13 -> 7 | G20: =B20 -> 7 | H20: =C20 -> 0 | I20: =D20 -> 0 | K20: =E20 -> 0
B21: =ROW()-13 -> 8 | G21: =B21 -> 8 | H21: =C21 -> 0 | I21: =D21 -> 0 | K21: =E21 -> 0
B22: =ROW()-13 -> 9 | G22: =B22 -> 9 | H22: =C22 -> 0 | I22: =D22 -> 0 | K22: =E22 -> 0
B23: =ROW()-13 -> 10 | G23: =B23 -> 10 | H23: =C23 -> 0 | I23: =D23 -> 0 | K23: =E23 -> 0
B24: =ROW()-13 -> 11 | G24: =B24 -> 11 | H24: =C24 -> 0 | I24: =D24 -> 0 | K24: =E24 -> 0
B25: =ROW()-13 -> 12 | G25: =B25 -> 12 | H25: =C25 -> 0 | I25: =D25 -> 0 | K25: =E25 -> 0
... B33: =ROW()-13 -> 20 | G33: =B33 -> 20 | H33: =C33 -> 0 | I33: =D33 -> 0 | K33: =E33 -> 0
C34: P.Trưởng Trung tâm đào tạo | F34: Người lập | H34: Chữ ký giáo viên:
G36: Lưu ý:
G37: - Giáo viên điểm danh theo ngày và đánh dấu: X: có mặt; V: vắng mặt
C38: Ngô Trung Thành | F38: Nguyễn Cao Bình | G38: - Trang thiết bị thực hành (áp dụng đối với nội dung thực hành Nghiệp vụ điều khiển/vận hành thiết bị):
G39: …………………………………………………………………………………............................................

Sheet 35
E2: DANH SÁCH HỌC VIÊN | J2: Biểu mẫu | N2: Mã số: V.TMM-F10
J3: ĐIỂM DANH HỌC VIÊN | N3: Ban hành: 04
N4: Hiệu lực: 28/12/2024
N5: Trang: 1/1
B7: - Môn/Khóa học: | G7: - Môn/Khóa học: | I7: =D7 -> 0
B8: - Loại hình/hình thức đào tạo: Ban đầu/Trực tiếp | G8: =B8 -> - Loại hình/hình thức đào tạo: Ban đầu/Trực tiếp
B9: - Thời gian: | D9: C17/8/2026 | G9: =B9 -> - Thời gian: | I9: =D9 -> C17/8/2026
B10: - Địa điểm: | D10: VNBA | G10: =B10 -> - Địa điểm: | I10: =D10 -> VNBA
B11: - Giáo viên: | G11: - Số học viên tham dự/tổng số học viên: | K11: =COUNTIF($L$14:$L48,"x")&"/"&COUNTA($L$14:$L48) -> 0/0
B12: STT | C12: Mã NV | D12: Họ tên | E12: Đơn vị | F12: Ghi chú | G12: STT | H12: Mã nhân viên | I12: Họ tên | K12: Đơn vị | L12: Ngày | M12: Ngày | N12: Ngày | O12: Ghi chú
L13: =I9 -> C17/8/2026
B14: =ROW()-13 -> 1 | G14: =B14 -> 1 | H14: =C14 -> 0 | I14: =D14 -> 0 | K14: =E14 -> 0
B15: =ROW()-13 -> 2 | G15: =B15 -> 2 | H15: =C15 -> 0 | I15: =D15 -> 0 | K15: =E15 -> 0
B16: =ROW()-13 -> 3 | G16: =B16 -> 3 | H16: =C16 -> 0 | I16: =D16 -> 0 | K16: =E16 -> 0
B17: =ROW()-13 -> 4 | G17: =B17 -> 4 | H17: =C17 -> 0 | I17: =D17 -> 0 | K17: =E17 -> 0
B18: =ROW()-13 -> 5 | G18: =B18 -> 5 | H18: =C18 -> 0 | I18: =D18 -> 0 | K18: =E18 -> 0
B19: =ROW()-13 -> 6 | G19: =B19 -> 6 | H19: =C19 -> 0 | I19: =D19 -> 0 | K19: =E19 -> 0
B20: =ROW()-13 -> 7 | G20: =B20 -> 7 | H20: =C20 -> 0 | I20: =D20 -> 0 | K20: =E20 -> 0
B21: =ROW()-13 -> 8 | G21: =B21 -> 8 | H21: =C21 -> 0 | I21: =D21 -> 0 | K21: =E21 -> 0
B22: =ROW()-13 -> 9 | G22: =B22 -> 9 | H22: =C22 -> 0 | I22: =D22 -> 0 | K22: =E22 -> 0
B23: =ROW()-13 -> 10 | G23: =B23 -> 10 | H23: =C23 -> 0 | I23: =D23 -> 0 | K23: =E23 -> 0
B24: =ROW()-13 -> 11 | G24: =B24 -> 11 | H24: =C24 -> 0 | I24: =D24 -> 0 | K24: =E24 -> 0
B25: =ROW()-13 -> 12 | G25: =B25 -> 12 | H25: =C25 -> 0 | I25: =D25 -> 0 | K25: =E25 -> 0
... B34: =ROW()-13 -> 21 | G34: =B34 -> 21 | H34: =C34 -> 0 | I34: =D34 -> 0 | K34: =E34 -> 0
C35: P.Trưởng Trung tâm đào tạo | F35: Người lập | H35: Chữ ký giáo viên:
G37: Lưu ý:
G38: - Giáo viên điểm danh theo ngày và đánh dấu: X: có mặt; V: vắng mặt
C39: Ngô Trung Thành | F39: Nguyễn Cao Bình | G39: - Trang thiết bị thực hành (áp dụng đối với nội dung thực hành Nghiệp vụ điều khiển/vận hành thiết bị):
G40: …………………………………………………………………………………............................................

Sheet 36
E2: DANH SÁCH HỌC VIÊN | J2: Biểu mẫu | N2: Mã số: V.TMM-F10
J3: ĐIỂM DANH HỌC VIÊN | N3: Ban hành: 04
N4: Hiệu lực: 28/12/2024
N5: Trang: 1/1
B7: - Môn/Khóa học: | G7: - Môn/Khóa học: | I7: =D7 -> 0
B8: - Loại hình/hình thức đào tạo: Ban đầu/Trực tiếp | G8: =B8 -> - Loại hình/hình thức đào tạo: Ban đầu/Trực tiếp
B9: - Thời gian: | D9: C18/8/2026 | G9: =B9 -> - Thời gian: | I9: =D9 -> C18/8/2026
B10: - Địa điểm: | D10: VNBA | G10: =B10 -> - Địa điểm: | I10: =D10 -> VNBA
B11: - Giáo viên: | G11: - Số học viên tham dự/tổng số học viên: | K11: =COUNTIF($L$14:$L45,"x")&"/"&COUNTA($L$14:$L45) -> 0/0
B12: STT | C12: Mã NV | D12: Họ tên | E12: Đơn vị | F12: Ghi chú | G12: STT | H12: Mã nhân viên | I12: Họ tên | K12: Đơn vị | L12: Ngày | M12: Ngày | N12: Ngày | O12: Ghi chú
L13: =I9 -> C18/8/2026
B14: =ROW()-13 -> 1 | G14: =B14 -> 1 | H14: =C14 -> 0 | I14: =D14 -> 0 | K14: =E14 -> 0
B15: =ROW()-13 -> 2 | G15: =B15 -> 2 | H15: =C15 -> 0 | I15: =D15 -> 0 | K15: =E15 -> 0
B16: =ROW()-13 -> 3 | G16: =B16 -> 3 | H16: =C16 -> 0 | I16: =D16 -> 0 | K16: =E16 -> 0
B17: =ROW()-13 -> 4 | G17: =B17 -> 4 | H17: =C17 -> 0 | I17: =D17 -> 0 | K17: =E17 -> 0
B18: =ROW()-13 -> 5 | G18: =B18 -> 5 | H18: =C18 -> 0 | I18: =D18 -> 0 | K18: =E18 -> 0
B19: =ROW()-13 -> 6 | G19: =B19 -> 6 | H19: =C19 -> 0 | I19: =D19 -> 0 | K19: =E19 -> 0
B20: =ROW()-13 -> 7 | G20: =B20 -> 7 | H20: =C20 -> 0 | I20: =D20 -> 0 | K20: =E20 -> 0
B21: =ROW()-13 -> 8 | G21: =B21 -> 8 | H21: =C21 -> 0 | I21: =D21 -> 0 | K21: =E21 -> 0
B22: =ROW()-13 -> 9 | G22: =B22 -> 9 | H22: =C22 -> 0 | I22: =D22 -> 0 | K22: =E22 -> 0
B23: =ROW()-13 -> 10 | G23: =B23 -> 10 | H23: =C23 -> 0 | I23: =D23 -> 0 | K23: =E23 -> 0
B24: =ROW()-13 -> 11 | G24: =B24 -> 11 | H24: =C24 -> 0 | I24: =D24 -> 0 | K24: =E24 -> 0
B25: =ROW()-13 -> 12 | G25: =B25 -> 12 | H25: =C25 -> 0 | I25: =D25 -> 0 | K25: =E25 -> 0
... B31: =ROW()-13 -> 18 | G31: =B31 -> 18 | H31: =C31 -> 0 | I31: =D31 -> 0 | K31: =E31 -> 0
C32: P.Trưởng Trung tâm đào tạo | F32: Người lập | H32: Chữ ký giáo viên:
G34: Lưu ý:
G35: - Giáo viên điểm danh theo ngày và đánh dấu: X: có mặt; V: vắng mặt
C36: Ngô Trung Thành | F36: Nguyễn Cao Bình | G36: - Trang thiết bị thực hành (áp dụng đối với nội dung thực hành Nghiệp vụ điều khiển/vận hành thiết bị):
G37: …………………………………………………………………………………............................................

Sheet 37
E2: DANH SÁCH HỌC VIÊN | J2: Biểu mẫu | N2: Mã số: V.TMM-F10
J3: ĐIỂM DANH HỌC VIÊN | N3: Ban hành: 04
N4: Hiệu lực: 28/12/2024
N5: Trang: 1/1
B7: - Môn/Khóa học: | G7: - Môn/Khóa học: | I7: =D7 -> 0
B8: - Loại hình/hình thức đào tạo: Ban đầu/Trực tiếp | G8: =B8 -> - Loại hình/hình thức đào tạo: Ban đầu/Trực tiếp
B9: - Thời gian: | D9: C21/8/2026 | G9: =B9 -> - Thời gian: | I9: =D9 -> C21/8/2026
B10: - Địa điểm: | D10: VNBA | G10: =B10 -> - Địa điểm: | I10: =D10 -> VNBA
B11: - Giáo viên: | G11: - Số học viên tham dự/tổng số học viên: | K11: =COUNTIF($L$14:$L46,"x")&"/"&COUNTA($L$14:$L46) -> 0/0
B12: STT | C12: Mã NV | D12: Họ tên | E12: Đơn vị | F12: Ghi chú | G12: STT | H12: Mã nhân viên | I12: Họ tên | K12: Đơn vị | L12: Ngày | M12: Ngày | N12: Ngày | O12: Ghi chú
L13: =I9 -> C21/8/2026
B14: =ROW()-13 -> 1 | G14: =B14 -> 1 | H14: =C14 -> 0 | I14: =D14 -> 0 | K14: =E14 -> 0
B15: =ROW()-13 -> 2 | G15: =B15 -> 2 | H15: =C15 -> 0 | I15: =D15 -> 0 | K15: =E15 -> 0
B16: =ROW()-13 -> 3 | G16: =B16 -> 3 | H16: =C16 -> 0 | I16: =D16 -> 0 | K16: =E16 -> 0
B17: =ROW()-13 -> 4 | G17: =B17 -> 4 | H17: =C17 -> 0 | I17: =D17 -> 0 | K17: =E17 -> 0
B18: =ROW()-13 -> 5 | G18: =B18 -> 5 | H18: =C18 -> 0 | I18: =D18 -> 0 | K18: =E18 -> 0
B19: =ROW()-13 -> 6 | G19: =B19 -> 6 | H19: =C19 -> 0 | I19: =D19 -> 0 | K19: =E19 -> 0
B20: =ROW()-13 -> 7 | G20: =B20 -> 7 | H20: =C20 -> 0 | I20: =D20 -> 0 | K20: =E20 -> 0
B21: =ROW()-13 -> 8 | G21: =B21 -> 8 | H21: =C21 -> 0 | I21: =D21 -> 0 | K21: =E21 -> 0
B22: =ROW()-13 -> 9 | G22: =B22 -> 9 | H22: =C22 -> 0 | I22: =D22 -> 0 | K22: =E22 -> 0
B23: =ROW()-13 -> 10 | G23: =B23 -> 10 | H23: =C23 -> 0 | I23: =D23 -> 0 | K23: =E23 -> 0
B24: =ROW()-13 -> 11 | G24: =B24 -> 11 | H24: =C24 -> 0 | I24: =D24 -> 0 | K24: =E24 -> 0
B25: =ROW()-13 -> 12 | G25: =B25 -> 12 | H25: =C25 -> 0 | I25: =D25 -> 0 | K25: =E25 -> 0
... B32: =ROW()-13 -> 19 | G32: =B32 -> 19 | H32: =C32 -> 0 | I32: =D32 -> 0 | K32: =E32 -> 0
C33: P.Trưởng Trung tâm đào tạo | F33: Người lập | H33: Chữ ký giáo viên:
G35: Lưu ý:
G36: - Giáo viên điểm danh theo ngày và đánh dấu: X: có mặt; V: vắng mặt
C37: Ngô Trung Thành | F37: Nguyễn Cao Bình | G37: - Trang thiết bị thực hành (áp dụng đối với nội dung thực hành Nghiệp vụ điều khiển/vận hành thiết bị):
G38: …………………………………………………………………………………............................................

Sheet 38
E2: DANH SÁCH HỌC VIÊN | J2: Biểu mẫu | N2: Mã số: V.TMM-F10
J3: ĐIỂM DANH HỌC VIÊN | N3: Ban hành: 04
N4: Hiệu lực: 28/12/2024
N5: Trang: 1/1
B7: - Môn/Khóa học: | G7: - Môn/Khóa học: | I7: =D7 -> 0
B8: - Loại hình/hình thức đào tạo: Ban đầu/Trực tiếp | G8: =B8 -> - Loại hình/hình thức đào tạo: Ban đầu/Trực tiếp
B9: - Thời gian: | D9: 19/8/2026 | G9: =B9 -> - Thời gian: | I9: =D9 -> 19/8/2026
B10: - Địa điểm: | D10: TTĐT | G10: =B10 -> - Địa điểm: | I10: =D10 -> TTĐT
B11: - Giáo viên: | G11: - Số học viên tham dự/tổng số học viên: | K11: =COUNTIF($L$14:$L38,"x")&"/"&COUNTA($L$14:$L38) -> 0/0
B12: STT | C12: Mã NV | D12: Họ tên | E12: Đơn vị | F12: Ghi chú | G12: STT | H12: Mã nhân viên | I12: Họ tên | K12: Đơn vị | L12: Ngày | M12: Ngày | N12: Ngày | O12: Ghi chú
L13: =I9 -> 19/8/2026
B14: =ROW()-13 -> 1 | G14: =B14 -> 1 | H14: =C14 -> 0 | I14: =D14 -> 0 | K14: =E14 -> 0
B15: =ROW()-13 -> 2 | G15: =B15 -> 2 | H15: =C15 -> 0 | I15: =D15 -> 0 | K15: =E15 -> 0
B16: =ROW()-13 -> 3 | G16: =B16 -> 3 | H16: =C16 -> 0 | I16: =D16 -> 0 | K16: =E16 -> 0
B17: =ROW()-13 -> 4 | G17: =B17 -> 4 | H17: =C17 -> 0 | I17: =D17 -> 0 | K17: =E17 -> 0
B18: =ROW()-13 -> 5 | G18: =B18 -> 5 | H18: =C18 -> 0 | I18: =D18 -> 0 | K18: =E18 -> 0
B19: =ROW()-13 -> 6 | G19: =B19 -> 6 | H19: =C19 -> 0 | I19: =D19 -> 0 | K19: =E19 -> 0
B20: =ROW()-13 -> 7 | G20: =B20 -> 7 | H20: =C20 -> 0 | I20: =D20 -> 0 | K20: =E20 -> 0
B21: =ROW()-13 -> 8 | G21: =B21 -> 8 | H21: =C21 -> 0 | I21: =D21 -> 0 | K21: =E21 -> 0
B22: =ROW()-13 -> 9 | G22: =B22 -> 9 | H22: =C22 -> 0 | I22: =D22 -> 0 | K22: =E22 -> 0
B23: =ROW()-13 -> 10 | G23: =B23 -> 10 | H23: =C23 -> 0 | I23: =D23 -> 0 | K23: =E23 -> 0
B24: =ROW()-13 -> 11 | G24: =B24 -> 11 | H24: =C24 -> 0 | I24: =D24 -> 0 | K24: =E24 -> 0
C25: P.Trưởng Trung tâm đào tạo | F25: Người lập | H25: Chữ ký giáo viên:
G27: Lưu ý:
G28: - Giáo viên điểm danh theo ngày và đánh dấu: X: có mặt; V: vắng mặt
C29: Ngô Trung Thành | F29: Nguyễn Cao Bình | G29: - Trang thiết bị thực hành (áp dụng đối với nội dung thực hành Nghiệp vụ điều khiển/vận hành thiết bị):
G30: …………………………………………………………………………………............................................

Sheet 39
E2: DANH SÁCH HỌC VIÊN | J2: Biểu mẫu | N2: Mã số: V.TMM-F10
J3: ĐIỂM DANH HỌC VIÊN | N3: Ban hành: 04
N4: Hiệu lực: 28/12/2024
N5: Trang: 1/1
B7: - Môn/Khóa học: | G7: - Môn/Khóa học: | I7: =D7 -> 0
B8: - Loại hình/hình thức đào tạo: Ban đầu/Trực tiếp | G8: =B8 -> - Loại hình/hình thức đào tạo: Ban đầu/Trực tiếp
B9: - Thời gian: | D9: 20-22/8/2026 | G9: =B9 -> - Thời gian: | I9: =D9 -> 20-22/8/2026
B10: - Địa điểm: | D10: VNBA | G10: =B10 -> - Địa điểm: | I10: =D10 -> VNBA
B11: - Giáo viên: | G11: - Số học viên tham dự/tổng số học viên: | K11: =COUNTIF($L$14:$L36,"x")&"/"&COUNTA($L$14:$L36) -> 0/0
B12: STT | C12: Mã NV | D12: Họ tên | E12: Đơn vị | F12: Ghi chú | G12: STT | H12: Mã nhân viên | I12: Họ tên | K12: Đơn vị | L12: Ngày | M12: Ngày | N12: Ngày | O12: Ghi chú
L13: =I9 -> 20-22/8/2026
B14: =ROW()-13 -> 1 | G14: =B14 -> 1 | H14: =C14 -> 0 | I14: =D14 -> 0 | K14: =E14 -> 0
B15: =ROW()-13 -> 2 | G15: =B15 -> 2 | H15: =C15 -> 0 | I15: =D15 -> 0 | K15: =E15 -> 0
B16: =ROW()-13 -> 3 | G16: =B16 -> 3 | H16: =C16 -> 0 | I16: =D16 -> 0 | K16: =E16 -> 0
B17: =ROW()-13 -> 4 | G17: =B17 -> 4 | H17: =C17 -> 0 | I17: =D17 -> 0 | K17: =E17 -> 0
B18: =ROW()-13 -> 5 | G18: =B18 -> 5 | H18: =C18 -> 0 | I18: =D18 -> 0 | K18: =E18 -> 0
B19: =ROW()-13 -> 6 | G19: =B19 -> 6 | H19: =C19 -> 0 | I19: =D19 -> 0 | K19: =E19 -> 0
B20: =ROW()-13 -> 7 | G20: =B20 -> 7 | H20: =C20 -> 0 | I20: =D20 -> 0 | K20: =E20 -> 0
B21: =ROW()-13 -> 8 | G21: =B21 -> 8 | H21: =C21 -> 0 | I21: =D21 -> 0 | K21: =E21 -> 0
B22: =ROW()-13 -> 9 | G22: =B22 -> 9 | H22: =C22 -> 0 | I22: =D22 -> 0 | K22: =E22 -> 0
C23: P.Trưởng Trung tâm đào tạo | F23: Người lập | H23: Chữ ký giáo viên:
G25: Lưu ý:
G26: - Giáo viên điểm danh theo ngày và đánh dấu: X: có mặt; V: vắng mặt
C27: Ngô Trung Thành | F27: Nguyễn Cao Bình | G27: - Trang thiết bị thực hành (áp dụng đối với nội dung thực hành Nghiệp vụ điều khiển/vận hành thiết bị):
G28: …………………………………………………………………………………............................................

Sheet 40
E2: DANH SÁCH HỌC VIÊN | J2: Biểu mẫu | N2: Mã số: V.TMM-F10
J3: ĐIỂM DANH HỌC VIÊN | N3: Ban hành: 04
N4: Hiệu lực: 28/12/2024
N5: Trang: 1/1
B7: - Môn/Khóa học: | G7: - Môn/Khóa học: | I7: =D7 -> 0
B8: - Loại hình/hình thức đào tạo: Định kỳ/Elearning+Trực tiếp | G8: =B8 -> - Loại hình/hình thức đào tạo: Định kỳ/Elearning+Trực tiếp
B9: - Thời gian: | D9: 24/8/2026 | G9: =B9 -> - Thời gian: | I9: =D9 -> 24/8/2026
B10: - Địa điểm: | D10: VNBA | G10: =B10 -> - Địa điểm: | I10: =D10 -> VNBA
B11: - Giáo viên: | G11: - Số học viên tham dự/tổng số học viên: | K11: =COUNTIF($L$14:$L35,"x")&"/"&COUNTA($L$14:$L35) -> 0/0
B12: STT | C12: Mã NV | D12: Họ tên | E12: Đơn vị | F12: Ghi chú | G12: STT | H12: Mã nhân viên | I12: Họ tên | K12: Đơn vị | L12: Ngày | M12: Ngày | N12: Ngày | O12: Ghi chú
L13: =I9 -> 24/8/2026
B14: =ROW()-13 -> 1 | G14: =B14 -> 1 | H14: =C14 -> 0 | I14: =D14 -> 0 | K14: =E14 -> 0
B15: =ROW()-13 -> 2 | G15: =B15 -> 2 | H15: =C15 -> 0 | I15: =D15 -> 0 | K15: =E15 -> 0
B16: =ROW()-13 -> 3 | G16: =B16 -> 3 | H16: =C16 -> 0 | I16: =D16 -> 0 | K16: =E16 -> 0
B17: =ROW()-13 -> 4 | G17: =B17 -> 4 | H17: =C17 -> 0 | I17: =D17 -> 0 | K17: =E17 -> 0
B18: =ROW()-13 -> 5 | G18: =B18 -> 5 | H18: =C18 -> 0 | I18: =D18 -> 0 | K18: =E18 -> 0
B19: =ROW()-13 -> 6 | G19: =B19 -> 6 | H19: =C19 -> 0 | I19: =D19 -> 0 | K19: =E19 -> 0
B20: =ROW()-13 -> 7 | G20: =B20 -> 7 | H20: =C20 -> 0 | I20: =D20 -> 0 | K20: =E20 -> 0
B21: =ROW()-13 -> 8 | G21: =B21 -> 8 | H21: =C21 -> 0 | I21: =D21 -> 0 | K21: =E21 -> 0
C22: P.Trưởng Trung tâm đào tạo | F22: Người lập | H22: Chữ ký giáo viên:
G24: Lưu ý:
G25: - Giáo viên điểm danh theo ngày và đánh dấu: X: có mặt; V: vắng mặt
C26: Ngô Trung Thành | F26: Nguyễn Cao Bình | G26: - Trang thiết bị thực hành (áp dụng đối với nội dung thực hành Nghiệp vụ điều khiển/vận hành thiết bị):
G27: …………………………………………………………………………………............................................

Sheet 41
E2: DANH SÁCH HỌC VIÊN | J2: Biểu mẫu | N2: Mã số: V.TMM-F10
J3: ĐIỂM DANH HỌC VIÊN | N3: Ban hành: 04
N4: Hiệu lực: 28/12/2024
N5: Trang: 1/1
B7: - Môn/Khóa học: | G7: - Môn/Khóa học: | I7: =D7 -> 0
B8: - Loại hình/hình thức đào tạo: Định kỳ/Elearning+Trực tiếp | G8: =B8 -> - Loại hình/hình thức đào tạo: Định kỳ/Elearning+Trực tiếp
B9: - Thời gian: | G9: =B9 -> - Thời gian: | I9: =D9 -> 0
B10: - Địa điểm: | D10: TTĐT | G10: =B10 -> - Địa điểm: | I10: =D10 -> TTĐT
B11: - Giáo viên: | G11: - Số học viên tham dự/tổng số học viên: | K11: =COUNTIF($L$14:$L47,"x")&"/"&COUNTA($L$14:$L47) -> 0/0
B12: STT | C12: Mã NV | D12: Họ tên | E12: Đơn vị | F12: Ghi chú | G12: STT | H12: Mã nhân viên | I12: Họ tên | K12: Đơn vị | L12: Ngày | M12: Ngày | N12: Ngày | O12: Ghi chú
L13: =I9 -> 0
B14: =ROW()-13 -> 1 | G14: =B14 -> 1 | H14: =C14 -> 0 | I14: =D14 -> 0 | K14: =E14 -> 0
B15: =ROW()-13 -> 2 | G15: =B15 -> 2 | H15: =C15 -> 0 | I15: =D15 -> 0 | K15: =E15 -> 0
B16: =ROW()-13 -> 3 | G16: =B16 -> 3 | H16: =C16 -> 0 | I16: =D16 -> 0 | K16: =E16 -> 0
B17: =ROW()-13 -> 4 | G17: =B17 -> 4 | H17: =C17 -> 0 | I17: =D17 -> 0 | K17: =E17 -> 0
B18: =ROW()-13 -> 5 | G18: =B18 -> 5 | H18: =C18 -> 0 | I18: =D18 -> 0 | K18: =E18 -> 0
B19: =ROW()-13 -> 6 | G19: =B19 -> 6 | H19: =C19 -> 0 | I19: =D19 -> 0 | K19: =E19 -> 0
B20: =ROW()-13 -> 7 | G20: =B20 -> 7 | H20: =C20 -> 0 | I20: =D20 -> 0 | K20: =E20 -> 0
B21: =ROW()-13 -> 8 | G21: =B21 -> 8 | H21: =C21 -> 0 | I21: =D21 -> 0 | K21: =E21 -> 0
B22: =ROW()-13 -> 9 | G22: =B22 -> 9 | H22: =C22 -> 0 | I22: =D22 -> 0 | K22: =E22 -> 0
B23: =ROW()-13 -> 10 | G23: =B23 -> 10 | H23: =C23 -> 0 | I23: =D23 -> 0 | K23: =E23 -> 0
B24: =ROW()-13 -> 11 | G24: =B24 -> 11 | H24: =C24 -> 0 | I24: =D24 -> 0 | K24: =E24 -> 0
B25: =ROW()-13 -> 12 | G25: =B25 -> 12 | H25: =C25 -> 0 | I25: =D25 -> 0 | K25: =E25 -> 0
... B33: =ROW()-13 -> 20 | G33: =B33 -> 20 | H33: =C33 -> 0 | I33: =D33 -> 0 | K33: =E33 -> 0
C34: P.Trưởng Trung tâm đào tạo | F34: Người lập | H34: Chữ ký giáo viên:
G36: Lưu ý:
G37: - Giáo viên điểm danh theo ngày và đánh dấu: X: có mặt; V: vắng mặt
C38: Ngô Trung Thành | F38: Nguyễn Cao Bình | G38: - Trang thiết bị thực hành (áp dụng đối với nội dung thực hành Nghiệp vụ điều khiển/vận hành thiết bị):
G39: …………………………………………………………………………………............................................

Sheet 42
E2: DANH SÁCH HỌC VIÊN | J2: Biểu mẫu | N2: Mã số: V.TMM-F10
J3: ĐIỂM DANH HỌC VIÊN | N3: Ban hành: 04
N4: Hiệu lực: 28/12/2024
N5: Trang: 1/1
B7: - Môn/Khóa học: | G7: - Môn/Khóa học: | I7: =D7 -> 0
B8: - Loại hình/hình thức đào tạo: Định kỳ/Elearning+Trực tiếp | G8: =B8 -> - Loại hình/hình thức đào tạo: Định kỳ/Elearning+Trực tiếp
B9: - Thời gian: | G9: =B9 -> - Thời gian: | I9: =D9 -> 0
B10: - Địa điểm: | D10: TTĐT | G10: =B10 -> - Địa điểm: | I10: =D10 -> TTĐT
B11: - Giáo viên: | G11: - Số học viên tham dự/tổng số học viên: | K11: =COUNTIF($L$14:$L47,"x")&"/"&COUNTA($L$14:$L47) -> 0/0
B12: STT | C12: Mã NV | D12: Họ tên | E12: Đơn vị | F12: Ghi chú | G12: STT | H12: Mã nhân viên | I12: Họ tên | K12: Đơn vị | L12: Ngày | M12: Ngày | N12: Ngày | O12: Ghi chú
L13: =I9 -> 0
B14: =ROW()-13 -> 1 | G14: =B14 -> 1 | H14: =C14 -> 0 | I14: =D14 -> 0 | K14: =E14 -> 0
B15: =ROW()-13 -> 2 | G15: =B15 -> 2 | H15: =C15 -> 0 | I15: =D15 -> 0 | K15: =E15 -> 0
B16: =ROW()-13 -> 3 | G16: =B16 -> 3 | H16: =C16 -> 0 | I16: =D16 -> 0 | K16: =E16 -> 0
B17: =ROW()-13 -> 4 | G17: =B17 -> 4 | H17: =C17 -> 0 | I17: =D17 -> 0 | K17: =E17 -> 0
B18: =ROW()-13 -> 5 | G18: =B18 -> 5 | H18: =C18 -> 0 | I18: =D18 -> 0 | K18: =E18 -> 0
B19: =ROW()-13 -> 6 | G19: =B19 -> 6 | H19: =C19 -> 0 | I19: =D19 -> 0 | K19: =E19 -> 0
B20: =ROW()-13 -> 7 | G20: =B20 -> 7 | H20: =C20 -> 0 | I20: =D20 -> 0 | K20: =E20 -> 0
B21: =ROW()-13 -> 8 | G21: =B21 -> 8 | H21: =C21 -> 0 | I21: =D21 -> 0 | K21: =E21 -> 0
B22: =ROW()-13 -> 9 | G22: =B22 -> 9 | H22: =C22 -> 0 | I22: =D22 -> 0 | K22: =E22 -> 0
B23: =ROW()-13 -> 10 | G23: =B23 -> 10 | H23: =C23 -> 0 | I23: =D23 -> 0 | K23: =E23 -> 0
B24: =ROW()-13 -> 11 | G24: =B24 -> 11 | H24: =C24 -> 0 | I24: =D24 -> 0 | K24: =E24 -> 0
B25: =ROW()-13 -> 12 | G25: =B25 -> 12 | H25: =C25 -> 0 | I25: =D25 -> 0 | K25: =E25 -> 0
... B33: =ROW()-13 -> 20 | G33: =B33 -> 20 | H33: =C33 -> 0 | I33: =D33 -> 0 | K33: =E33 -> 0
C34: P.Trưởng Trung tâm đào tạo | F34: Người lập | H34: Chữ ký giáo viên:
G36: Lưu ý:
G37: - Giáo viên điểm danh theo ngày và đánh dấu: X: có mặt; V: vắng mặt
C38: Ngô Trung Thành | F38: Nguyễn Cao Bình | G38: - Trang thiết bị thực hành (áp dụng đối với nội dung thực hành Nghiệp vụ điều khiển/vận hành thiết bị):
G39: …………………………………………………………………………………............................................

Sheet 43
E2: DANH SÁCH HỌC VIÊN | J2: Biểu mẫu | N2: Mã số: V.TMM-F10
J3: ĐIỂM DANH HỌC VIÊN | N3: Ban hành: 04
N4: Hiệu lực: 28/12/2024
N5: Trang: 1/1
B7: - Môn/Khóa học: | G7: - Môn/Khóa học: | I7: =D7 -> 0
B8: - Loại hình/hình thức đào tạo: Định kỳ/Elearning+Trực tiếp | G8: =B8 -> - Loại hình/hình thức đào tạo: Định kỳ/Elearning+Trực tiếp
B9: - Thời gian: | G9: =B9 -> - Thời gian: | I9: =D9 -> 0
B10: - Địa điểm: | D10: TTĐT | G10: =B10 -> - Địa điểm: | I10: =D10 -> TTĐT
B11: - Giáo viên: | G11: - Số học viên tham dự/tổng số học viên: | K11: =COUNTIF($L$14:$L47,"x")&"/"&COUNTA($L$14:$L47) -> 0/0
B12: STT | C12: Mã NV | D12: Họ tên | E12: Đơn vị | F12: Ghi chú | G12: STT | H12: Mã nhân viên | I12: Họ tên | K12: Đơn vị | L12: Ngày | M12: Ngày | N12: Ngày | O12: Ghi chú
L13: =I9 -> 0
B14: =ROW()-13 -> 1 | G14: =B14 -> 1 | H14: =C14 -> 0 | I14: =D14 -> 0 | K14: =E14 -> 0
B15: =ROW()-13 -> 2 | G15: =B15 -> 2 | H15: =C15 -> 0 | I15: =D15 -> 0 | K15: =E15 -> 0
B16: =ROW()-13 -> 3 | G16: =B16 -> 3 | H16: =C16 -> 0 | I16: =D16 -> 0 | K16: =E16 -> 0
B17: =ROW()-13 -> 4 | G17: =B17 -> 4 | H17: =C17 -> 0 | I17: =D17 -> 0 | K17: =E17 -> 0
B18: =ROW()-13 -> 5 | G18: =B18 -> 5 | H18: =C18 -> 0 | I18: =D18 -> 0 | K18: =E18 -> 0
B19: =ROW()-13 -> 6 | G19: =B19 -> 6 | H19: =C19 -> 0 | I19: =D19 -> 0 | K19: =E19 -> 0
B20: =ROW()-13 -> 7 | G20: =B20 -> 7 | H20: =C20 -> 0 | I20: =D20 -> 0 | K20: =E20 -> 0
B21: =ROW()-13 -> 8 | G21: =B21 -> 8 | H21: =C21 -> 0 | I21: =D21 -> 0 | K21: =E21 -> 0
B22: =ROW()-13 -> 9 | G22: =B22 -> 9 | H22: =C22 -> 0 | I22: =D22 -> 0 | K22: =E22 -> 0
B23: =ROW()-13 -> 10 | G23: =B23 -> 10 | H23: =C23 -> 0 | I23: =D23 -> 0 | K23: =E23 -> 0
B24: =ROW()-13 -> 11 | G24: =B24 -> 11 | H24: =C24 -> 0 | I24: =D24 -> 0 | K24: =E24 -> 0
B25: =ROW()-13 -> 12 | G25: =B25 -> 12 | H25: =C25 -> 0 | I25: =D25 -> 0 | K25: =E25 -> 0
... B33: =ROW()-13 -> 20 | G33: =B33 -> 20 | H33: =C33 -> 0 | I33: =D33 -> 0 | K33: =E33 -> 0
C34: P.Trưởng Trung tâm đào tạo | F34: Người lập | H34: Chữ ký giáo viên:
G36: Lưu ý:
G37: - Giáo viên điểm danh theo ngày và đánh dấu: X: có mặt; V: vắng mặt
C38: Ngô Trung Thành | F38: Nguyễn Cao Bình | G38: - Trang thiết bị thực hành (áp dụng đối với nội dung thực hành Nghiệp vụ điều khiển/vận hành thiết bị):
G39: …………………………………………………………………………………............................................

Sheet 44
E2: DANH SÁCH HỌC VIÊN | J2: Biểu mẫu | N2: Mã số: V.TMM-F10
J3: ĐIỂM DANH HỌC VIÊN | N3: Ban hành: 04
N4: Hiệu lực: 28/12/2024
N5: Trang: 1/1
B7: - Môn/Khóa học: | G7: - Môn/Khóa học: | I7: =D7 -> 0
B8: - Loại hình/hình thức đào tạo: Định kỳ/Elearning+Trực tiếp | G8: =B8 -> - Loại hình/hình thức đào tạo: Định kỳ/Elearning+Trực tiếp
B9: - Thời gian: | G9: =B9 -> - Thời gian: | I9: =D9 -> 0
B10: - Địa điểm: | D10: TTĐT | G10: =B10 -> - Địa điểm: | I10: =D10 -> TTĐT
B11: - Giáo viên: | G11: - Số học viên tham dự/tổng số học viên: | K11: =COUNTIF($L$14:$L48,"x")&"/"&COUNTA($L$14:$L48) -> 0/0
B12: STT | C12: Mã NV | D12: Họ tên | E12: Đơn vị | F12: Ghi chú | G12: STT | H12: Mã nhân viên | I12: Họ tên | K12: Đơn vị | L12: Ngày | M12: Ngày | N12: Ngày | O12: Ghi chú
L13: =I9 -> 0
B14: =ROW()-13 -> 1 | G14: =B14 -> 1 | H14: =C14 -> 0 | I14: =D14 -> 0 | K14: =E14 -> 0
B15: =ROW()-13 -> 2 | G15: =B15 -> 2 | H15: =C15 -> 0 | I15: =D15 -> 0 | K15: =E15 -> 0
B16: =ROW()-13 -> 3 | G16: =B16 -> 3 | H16: =C16 -> 0 | I16: =D16 -> 0 | K16: =E16 -> 0
B17: =ROW()-13 -> 4 | G17: =B17 -> 4 | H17: =C17 -> 0 | I17: =D17 -> 0 | K17: =E17 -> 0
B18: =ROW()-13 -> 5 | G18: =B18 -> 5 | H18: =C18 -> 0 | I18: =D18 -> 0 | K18: =E18 -> 0
B19: =ROW()-13 -> 6 | G19: =B19 -> 6 | H19: =C19 -> 0 | I19: =D19 -> 0 | K19: =E19 -> 0
B20: =ROW()-13 -> 7 | G20: =B20 -> 7 | H20: =C20 -> 0 | I20: =D20 -> 0 | K20: =E20 -> 0
B21: =ROW()-13 -> 8 | G21: =B21 -> 8 | H21: =C21 -> 0 | I21: =D21 -> 0 | K21: =E21 -> 0
B22: =ROW()-13 -> 9 | G22: =B22 -> 9 | H22: =C22 -> 0 | I22: =D22 -> 0 | K22: =E22 -> 0
B23: =ROW()-13 -> 10 | G23: =B23 -> 10 | H23: =C23 -> 0 | I23: =D23 -> 0 | K23: =E23 -> 0
B24: =ROW()-13 -> 11 | G24: =B24 -> 11 | H24: =C24 -> 0 | I24: =D24 -> 0 | K24: =E24 -> 0
B25: =ROW()-13 -> 12 | G25: =B25 -> 12 | H25: =C25 -> 0 | I25: =D25 -> 0 | K25: =E25 -> 0
... B34: =ROW()-13 -> 21 | G34: =B34 -> 21 | H34: =C34 -> 0 | I34: =D34 -> 0 | K34: =E34 -> 0
C35: P.Trưởng Trung tâm đào tạo | F35: Người lập | H35: Chữ ký giáo viên:
G37: Lưu ý:
G38: - Giáo viên điểm danh theo ngày và đánh dấu: X: có mặt; V: vắng mặt
C39: Ngô Trung Thành | F39: Nguyễn Cao Bình | G39: - Trang thiết bị thực hành (áp dụng đối với nội dung thực hành Nghiệp vụ điều khiển/vận hành thiết bị):
G40: …………………………………………………………………………………............................................

Sheet 45
E2: DANH SÁCH HỌC VIÊN | J2: Biểu mẫu | N2: Mã số: V.TMM-F10
J3: ĐIỂM DANH HỌC VIÊN | N3: Ban hành: 04
N4: Hiệu lực: 28/12/2024
N5: Trang: 1/1
B7: - Môn/Khóa học: | G7: - Môn/Khóa học: | I7: =D7 -> 0
B8: - Loại hình/hình thức đào tạo: Định kỳ/Elearning+Trực tiếp | G8: =B8 -> - Loại hình/hình thức đào tạo: Định kỳ/Elearning+Trực tiếp
B9: - Thời gian: | G9: =B9 -> - Thời gian: | I9: =D9 -> 0
B10: - Địa điểm: | D10: TTĐT | G10: =B10 -> - Địa điểm: | I10: =D10 -> TTĐT
B11: - Giáo viên: | G11: - Số học viên tham dự/tổng số học viên: | K11: =COUNTIF($L$14:$L47,"x")&"/"&COUNTA($L$14:$L47) -> 0/0
B12: STT | C12: Mã NV | D12: Họ tên | E12: Đơn vị | F12: Ghi chú | G12: STT | H12: Mã nhân viên | I12: Họ tên | K12: Đơn vị | L12: Ngày | M12: Ngày | N12: Ngày | O12: Ghi chú
L13: =I9 -> 0
B14: =ROW()-13 -> 1 | G14: =B14 -> 1 | H14: =C14 -> 0 | I14: =D14 -> 0 | K14: =E14 -> 0
B15: =ROW()-13 -> 2 | G15: =B15 -> 2 | H15: =C15 -> 0 | I15: =D15 -> 0 | K15: =E15 -> 0
B16: =ROW()-13 -> 3 | G16: =B16 -> 3 | H16: =C16 -> 0 | I16: =D16 -> 0 | K16: =E16 -> 0
B17: =ROW()-13 -> 4 | G17: =B17 -> 4 | H17: =C17 -> 0 | I17: =D17 -> 0 | K17: =E17 -> 0
B18: =ROW()-13 -> 5 | G18: =B18 -> 5 | H18: =C18 -> 0 | I18: =D18 -> 0 | K18: =E18 -> 0
B19: =ROW()-13 -> 6 | G19: =B19 -> 6 | H19: =C19 -> 0 | I19: =D19 -> 0 | K19: =E19 -> 0
B20: =ROW()-13 -> 7 | G20: =B20 -> 7 | H20: =C20 -> 0 | I20: =D20 -> 0 | K20: =E20 -> 0
B21: =ROW()-13 -> 8 | G21: =B21 -> 8 | H21: =C21 -> 0 | I21: =D21 -> 0 | K21: =E21 -> 0
B22: =ROW()-13 -> 9 | G22: =B22 -> 9 | H22: =C22 -> 0 | I22: =D22 -> 0 | K22: =E22 -> 0
B23: =ROW()-13 -> 10 | G23: =B23 -> 10 | H23: =C23 -> 0 | I23: =D23 -> 0 | K23: =E23 -> 0
B24: =ROW()-13 -> 11 | G24: =B24 -> 11 | H24: =C24 -> 0 | I24: =D24 -> 0 | K24: =E24 -> 0
B25: =ROW()-13 -> 12 | G25: =B25 -> 12 | H25: =C25 -> 0 | I25: =D25 -> 0 | K25: =E25 -> 0
... B33: =ROW()-13 -> 20 | G33: =B33 -> 20 | H33: =C33 -> 0 | I33: =D33 -> 0 | K33: =E33 -> 0
C34: P.Trưởng Trung tâm đào tạo | F34: Người lập | H34: Chữ ký giáo viên:
G36: Lưu ý:
G37: - Giáo viên điểm danh theo ngày và đánh dấu: X: có mặt; V: vắng mặt
C38: Ngô Trung Thành | F38: Nguyễn Cao Bình | G38: - Trang thiết bị thực hành (áp dụng đối với nội dung thực hành Nghiệp vụ điều khiển/vận hành thiết bị):
G39: …………………………………………………………………………………............................................

Sheet 46
E2: DANH SÁCH HỌC VIÊN | J2: Biểu mẫu | N2: Mã số: V.TMM-F10
J3: ĐIỂM DANH HỌC VIÊN | N3: Ban hành: 04
N4: Hiệu lực: 28/12/2024
N5: Trang: 1/1
B7: - Môn/Khóa học: | G7: - Môn/Khóa học: | I7: =D7 -> 0
B8: - Loại hình/hình thức đào tạo: Định kỳ/Elearning+Trực tiếp | G8: =B8 -> - Loại hình/hình thức đào tạo: Định kỳ/Elearning+Trực tiếp
B9: - Thời gian: | G9: =B9 -> - Thời gian: | I9: =D9 -> 0
B10: - Địa điểm: | D10: TTĐT | G10: =B10 -> - Địa điểm: | I10: =D10 -> TTĐT
B11: - Giáo viên: | G11: - Số học viên tham dự/tổng số học viên: | K11: =COUNTIF($L$14:$L57,"x")&"/"&COUNTA($L$14:$L57) -> 0/0
B12: STT | C12: Mã NV | D12: Họ tên | E12: Đơn vị | F12: Ghi chú | G12: STT | H12: Mã nhân viên | I12: Họ tên | K12: Đơn vị | L12: Ngày | M12: Ngày | N12: Ngày | O12: Ghi chú
L13: =I9 -> 0
B14: =ROW()-13 -> 1 | G14: =B14 -> 1 | H14: =C14 -> 0 | I14: =D14 -> 0 | K14: =E14 -> 0
B15: =ROW()-13 -> 2 | G15: =B15 -> 2 | H15: =C15 -> 0 | I15: =D15 -> 0 | K15: =E15 -> 0
B16: =ROW()-13 -> 3 | G16: =B16 -> 3 | H16: =C16 -> 0 | I16: =D16 -> 0 | K16: =E16 -> 0
B17: =ROW()-13 -> 4 | G17: =B17 -> 4 | H17: =C17 -> 0 | I17: =D17 -> 0 | K17: =E17 -> 0
B18: =ROW()-13 -> 5 | G18: =B18 -> 5 | H18: =C18 -> 0 | I18: =D18 -> 0 | K18: =E18 -> 0
B19: =ROW()-13 -> 6 | G19: =B19 -> 6 | H19: =C19 -> 0 | I19: =D19 -> 0 | K19: =E19 -> 0
B20: =ROW()-13 -> 7 | G20: =B20 -> 7 | H20: =C20 -> 0 | I20: =D20 -> 0 | K20: =E20 -> 0
B21: =ROW()-13 -> 8 | G21: =B21 -> 8 | H21: =C21 -> 0 | I21: =D21 -> 0 | K21: =E21 -> 0
B22: =ROW()-13 -> 9 | G22: =B22 -> 9 | H22: =C22 -> 0 | I22: =D22 -> 0 | K22: =E22 -> 0
B23: =ROW()-13 -> 10 | G23: =B23 -> 10 | H23: =C23 -> 0 | I23: =D23 -> 0 | K23: =E23 -> 0
B24: =ROW()-13 -> 11 | G24: =B24 -> 11 | H24: =C24 -> 0 | I24: =D24 -> 0 | K24: =E24 -> 0
B25: =ROW()-13 -> 12 | G25: =B25 -> 12 | H25: =C25 -> 0 | I25: =D25 -> 0 | K25: =E25 -> 0
... B43: =ROW()-13 -> 30 | G43: =B43 -> 30 | H43: =C43 -> 0 | I43: =D43 -> 0 | K43: =E43 -> 0
C44: Trưởng Trung tâm đào tạo | F44: Người lập | H44: Chữ ký giáo viên:
G46: Lưu ý:
G47: - Giáo viên điểm danh theo ngày và đánh dấu: X: có mặt; V: vắng mặt
C48: Nguyễn Chí Kiên | F48: Nguyễn Cao Bình | G48: - Trang thiết bị thực hành (áp dụng đối với nội dung thực hành Nghiệp vụ điều khiển/vận hành thiết bị):
G49: …………………………………………………………………………………............................................

Sheet 47
E2: DANH SÁCH HỌC VIÊN | J2: Biểu mẫu | N2: Mã số: V.TMM-F10
J3: ĐIỂM DANH HỌC VIÊN | N3: Ban hành: 04
N4: Hiệu lực: 28/12/2024
N5: Trang: 1/1
B7: - Môn/Khóa học: | G7: - Môn/Khóa học: | I7: =D7 -> 0
B8: - Loại hình/hình thức đào tạo: Định kỳ/Elearning+Trực tiếp | G8: =B8 -> - Loại hình/hình thức đào tạo: Định kỳ/Elearning+Trực tiếp
B9: - Thời gian: | G9: =B9 -> - Thời gian: | I9: =D9 -> 0
B10: - Địa điểm: | D10: TTĐT | G10: =B10 -> - Địa điểm: | I10: =D10 -> TTĐT
B11: - Giáo viên: | G11: - Số học viên tham dự/tổng số học viên: | K11: =COUNTIF($L$14:$L57,"x")&"/"&COUNTA($L$14:$L57) -> 0/0
B12: STT | C12: Mã NV | D12: Họ tên | E12: Đơn vị | F12: Ghi chú | G12: STT | H12: Mã nhân viên | I12: Họ tên | K12: Đơn vị | L12: Ngày | M12: Ngày | N12: Ngày | O12: Ghi chú
L13: =I9 -> 0
B14: =ROW()-13 -> 1 | G14: =B14 -> 1 | H14: =C14 -> 0 | I14: =D14 -> 0 | K14: =E14 -> 0
B15: =ROW()-13 -> 2 | G15: =B15 -> 2 | H15: =C15 -> 0 | I15: =D15 -> 0 | K15: =E15 -> 0
B16: =ROW()-13 -> 3 | G16: =B16 -> 3 | H16: =C16 -> 0 | I16: =D16 -> 0 | K16: =E16 -> 0
B17: =ROW()-13 -> 4 | G17: =B17 -> 4 | H17: =C17 -> 0 | I17: =D17 -> 0 | K17: =E17 -> 0
B18: =ROW()-13 -> 5 | G18: =B18 -> 5 | H18: =C18 -> 0 | I18: =D18 -> 0 | K18: =E18 -> 0
B19: =ROW()-13 -> 6 | G19: =B19 -> 6 | H19: =C19 -> 0 | I19: =D19 -> 0 | K19: =E19 -> 0
B20: =ROW()-13 -> 7 | G20: =B20 -> 7 | H20: =C20 -> 0 | I20: =D20 -> 0 | K20: =E20 -> 0
B21: =ROW()-13 -> 8 | G21: =B21 -> 8 | H21: =C21 -> 0 | I21: =D21 -> 0 | K21: =E21 -> 0
B22: =ROW()-13 -> 9 | G22: =B22 -> 9 | H22: =C22 -> 0 | I22: =D22 -> 0 | K22: =E22 -> 0
B23: =ROW()-13 -> 10 | G23: =B23 -> 10 | H23: =C23 -> 0 | I23: =D23 -> 0 | K23: =E23 -> 0
B24: =ROW()-13 -> 11 | G24: =B24 -> 11 | H24: =C24 -> 0 | I24: =D24 -> 0 | K24: =E24 -> 0
B25: =ROW()-13 -> 12 | G25: =B25 -> 12 | H25: =C25 -> 0 | I25: =D25 -> 0 | K25: =E25 -> 0
... B43: =ROW()-13 -> 30 | G43: =B43 -> 30 | H43: =C43 -> 0 | I43: =D43 -> 0 | K43: =E43 -> 0
C44: Trưởng Trung tâm đào tạo | F44: Người lập | H44: Chữ ký giáo viên:
G46: Lưu ý:
G47: - Giáo viên điểm danh theo ngày và đánh dấu: X: có mặt; V: vắng mặt
C48: Nguyễn Chí Kiên | F48: Nguyễn Cao Bình | G48: - Trang thiết bị thực hành (áp dụng đối với nội dung thực hành Nghiệp vụ điều khiển/vận hành thiết bị):
G49: …………………………………………………………………………………............................................

Sheet 48
E2: DANH SÁCH HỌC VIÊN | J2: Biểu mẫu | N2: Mã số: V.TMM-F10
J3: ĐIỂM DANH HỌC VIÊN | N3: Ban hành: 04
N4: Hiệu lực: 28/12/2024
N5: Trang: 1/1
B7: - Môn/Khóa học: | G7: - Môn/Khóa học: | I7: =D7 -> 0
B8: - Loại hình/hình thức đào tạo: Định kỳ/Elearning+Trực tiếp | G8: =B8 -> - Loại hình/hình thức đào tạo: Định kỳ/Elearning+Trực tiếp
B9: - Thời gian: | G9: =B9 -> - Thời gian: | I9: =D9 -> 0
B10: - Địa điểm: | D10: TTĐT | G10: =B10 -> - Địa điểm: | I10: =D10 -> TTĐT
B11: - Giáo viên: | G11: - Số học viên tham dự/tổng số học viên: | K11: =COUNTIF($L$14:$L57,"x")&"/"&COUNTA($L$14:$L57) -> 0/0
B12: STT | C12: Mã NV | D12: Họ tên | E12: Đơn vị | F12: Ghi chú | G12: STT | H12: Mã nhân viên | I12: Họ tên | K12: Đơn vị | L12: Ngày | M12: Ngày | N12: Ngày | O12: Ghi chú
L13: =I9 -> 0
B14: =ROW()-13 -> 1 | G14: =B14 -> 1 | H14: =C14 -> 0 | I14: =D14 -> 0 | K14: =E14 -> 0
B15: =ROW()-13 -> 2 | G15: =B15 -> 2 | H15: =C15 -> 0 | I15: =D15 -> 0 | K15: =E15 -> 0
B16: =ROW()-13 -> 3 | G16: =B16 -> 3 | H16: =C16 -> 0 | I16: =D16 -> 0 | K16: =E16 -> 0
B17: =ROW()-13 -> 4 | G17: =B17 -> 4 | H17: =C17 -> 0 | I17: =D17 -> 0 | K17: =E17 -> 0
B18: =ROW()-13 -> 5 | G18: =B18 -> 5 | H18: =C18 -> 0 | I18: =D18 -> 0 | K18: =E18 -> 0
B19: =ROW()-13 -> 6 | G19: =B19 -> 6 | H19: =C19 -> 0 | I19: =D19 -> 0 | K19: =E19 -> 0
B20: =ROW()-13 -> 7 | G20: =B20 -> 7 | H20: =C20 -> 0 | I20: =D20 -> 0 | K20: =E20 -> 0
B21: =ROW()-13 -> 8 | G21: =B21 -> 8 | H21: =C21 -> 0 | I21: =D21 -> 0 | K21: =E21 -> 0
B22: =ROW()-13 -> 9 | G22: =B22 -> 9 | H22: =C22 -> 0 | I22: =D22 -> 0 | K22: =E22 -> 0
B23: =ROW()-13 -> 10 | G23: =B23 -> 10 | H23: =C23 -> 0 | I23: =D23 -> 0 | K23: =E23 -> 0
B24: =ROW()-13 -> 11 | G24: =B24 -> 11 | H24: =C24 -> 0 | I24: =D24 -> 0 | K24: =E24 -> 0
B25: =ROW()-13 -> 12 | G25: =B25 -> 12 | H25: =C25 -> 0 | I25: =D25 -> 0 | K25: =E25 -> 0
... B43: =ROW()-13 -> 30 | G43: =B43 -> 30 | H43: =C43 -> 0 | I43: =D43 -> 0 | K43: =E43 -> 0
C44: Trưởng Trung tâm đào tạo | F44: Người lập | H44: Chữ ký giáo viên:
G46: Lưu ý:
G47: - Giáo viên điểm danh theo ngày và đánh dấu: X: có mặt; V: vắng mặt
C48: Nguyễn Chí Kiên | F48: Nguyễn Cao Bình | G48: - Trang thiết bị thực hành (áp dụng đối với nội dung thực hành Nghiệp vụ điều khiển/vận hành thiết bị):
G49: …………………………………………………………………………………............................................

Sheet 49
E2: DANH SÁCH HỌC VIÊN | J2: Biểu mẫu | N2: Mã số: V.TMM-F10
J3: ĐIỂM DANH HỌC VIÊN | N3: Ban hành: 04
N4: Hiệu lực: 28/12/2024
N5: Trang: 1/1
B7: - Môn/Khóa học: | G7: - Môn/Khóa học: | I7: =D7 -> 0
B8: - Loại hình/hình thức đào tạo: Định kỳ/Elearning+Trực tiếp | G8: =B8 -> - Loại hình/hình thức đào tạo: Định kỳ/Elearning+Trực tiếp
B9: - Thời gian: | G9: =B9 -> - Thời gian: | I9: =D9 -> 0
B10: - Địa điểm: | D10: TTĐT | G10: =B10 -> - Địa điểm: | I10: =D10 -> TTĐT
B11: - Giáo viên: | G11: - Số học viên tham dự/tổng số học viên: | K11: =COUNTIF($L$14:$L57,"x")&"/"&COUNTA($L$14:$L57) -> 0/0
B12: STT | C12: Mã NV | D12: Họ tên | E12: Đơn vị | F12: Ghi chú | G12: STT | H12: Mã nhân viên | I12: Họ tên | K12: Đơn vị | L12: Ngày | M12: Ngày | N12: Ngày | O12: Ghi chú
L13: =I9 -> 0
B14: =ROW()-13 -> 1 | G14: =B14 -> 1 | H14: =C14 -> 0 | I14: =D14 -> 0 | K14: =E14 -> 0
B15: =ROW()-13 -> 2 | G15: =B15 -> 2 | H15: =C15 -> 0 | I15: =D15 -> 0 | K15: =E15 -> 0
B16: =ROW()-13 -> 3 | G16: =B16 -> 3 | H16: =C16 -> 0 | I16: =D16 -> 0 | K16: =E16 -> 0
B17: =ROW()-13 -> 4 | G17: =B17 -> 4 | H17: =C17 -> 0 | I17: =D17 -> 0 | K17: =E17 -> 0
B18: =ROW()-13 -> 5 | G18: =B18 -> 5 | H18: =C18 -> 0 | I18: =D18 -> 0 | K18: =E18 -> 0
B19: =ROW()-13 -> 6 | G19: =B19 -> 6 | H19: =C19 -> 0 | I19: =D19 -> 0 | K19: =E19 -> 0
B20: =ROW()-13 -> 7 | G20: =B20 -> 7 | H20: =C20 -> 0 | I20: =D20 -> 0 | K20: =E20 -> 0
B21: =ROW()-13 -> 8 | G21: =B21 -> 8 | H21: =C21 -> 0 | I21: =D21 -> 0 | K21: =E21 -> 0
B22: =ROW()-13 -> 9 | G22: =B22 -> 9 | H22: =C22 -> 0 | I22: =D22 -> 0 | K22: =E22 -> 0
B23: =ROW()-13 -> 10 | G23: =B23 -> 10 | H23: =C23 -> 0 | I23: =D23 -> 0 | K23: =E23 -> 0
B24: =ROW()-13 -> 11 | G24: =B24 -> 11 | H24: =C24 -> 0 | I24: =D24 -> 0 | K24: =E24 -> 0
B25: =ROW()-13 -> 12 | G25: =B25 -> 12 | H25: =C25 -> 0 | I25: =D25 -> 0 | K25: =E25 -> 0
... B43: =ROW()-13 -> 30 | G43: =B43 -> 30 | H43: =C43 -> 0 | I43: =D43 -> 0 | K43: =E43 -> 0
C44: Trưởng Trung tâm đào tạo | F44: Người lập | H44: Chữ ký giáo viên:
G46: Lưu ý:
G47: - Giáo viên điểm danh theo ngày và đánh dấu: X: có mặt; V: vắng mặt
C48: Nguyễn Chí Kiên | F48: Nguyễn Cao Bình | G48: - Trang thiết bị thực hành (áp dụng đối với nội dung thực hành Nghiệp vụ điều khiển/vận hành thiết bị):
G49: …………………………………………………………………………………............................................

Sheet 50
E2: DANH SÁCH HỌC VIÊN | J2: Biểu mẫu | N2: Mã số: V.TMM-F10
J3: ĐIỂM DANH HỌC VIÊN | N3: Ban hành: 04
N4: Hiệu lực: 28/12/2024
N5: Trang: 1/1
B7: - Môn/Khóa học: | G7: - Môn/Khóa học: | I7: =D7 -> 0
B8: - Loại hình/hình thức đào tạo: Định kỳ/Elearning+Trực tiếp | G8: =B8 -> - Loại hình/hình thức đào tạo: Định kỳ/Elearning+Trực tiếp
B9: - Thời gian: | G9: =B9 -> - Thời gian: | I9: =D9 -> 0
B10: - Địa điểm: | D10: TTĐT | G10: =B10 -> - Địa điểm: | I10: =D10 -> TTĐT
B11: - Giáo viên: | G11: - Số học viên tham dự/tổng số học viên: | K11: =COUNTIF($L$14:$L57,"x")&"/"&COUNTA($L$14:$L57) -> 0/0
B12: STT | C12: Mã NV | D12: Họ tên | E12: Đơn vị | F12: Ghi chú | G12: STT | H12: Mã nhân viên | I12: Họ tên | K12: Đơn vị | L12: Ngày | M12: Ngày | N12: Ngày | O12: Ghi chú
L13: =I9 -> 0
B14: =ROW()-13 -> 1 | G14: =B14 -> 1 | H14: =C14 -> 0 | I14: =D14 -> 0 | K14: =E14 -> 0
B15: =ROW()-13 -> 2 | G15: =B15 -> 2 | H15: =C15 -> 0 | I15: =D15 -> 0 | K15: =E15 -> 0
B16: =ROW()-13 -> 3 | G16: =B16 -> 3 | H16: =C16 -> 0 | I16: =D16 -> 0 | K16: =E16 -> 0
B17: =ROW()-13 -> 4 | G17: =B17 -> 4 | H17: =C17 -> 0 | I17: =D17 -> 0 | K17: =E17 -> 0
B18: =ROW()-13 -> 5 | G18: =B18 -> 5 | H18: =C18 -> 0 | I18: =D18 -> 0 | K18: =E18 -> 0
B19: =ROW()-13 -> 6 | G19: =B19 -> 6 | H19: =C19 -> 0 | I19: =D19 -> 0 | K19: =E19 -> 0
B20: =ROW()-13 -> 7 | G20: =B20 -> 7 | H20: =C20 -> 0 | I20: =D20 -> 0 | K20: =E20 -> 0
B21: =ROW()-13 -> 8 | G21: =B21 -> 8 | H21: =C21 -> 0 | I21: =D21 -> 0 | K21: =E21 -> 0
B22: =ROW()-13 -> 9 | G22: =B22 -> 9 | H22: =C22 -> 0 | I22: =D22 -> 0 | K22: =E22 -> 0
B23: =ROW()-13 -> 10 | G23: =B23 -> 10 | H23: =C23 -> 0 | I23: =D23 -> 0 | K23: =E23 -> 0
B24: =ROW()-13 -> 11 | G24: =B24 -> 11 | H24: =C24 -> 0 | I24: =D24 -> 0 | K24: =E24 -> 0
B25: =ROW()-13 -> 12 | G25: =B25 -> 12 | H25: =C25 -> 0 | I25: =D25 -> 0 | K25: =E25 -> 0
... B43: =ROW()-13 -> 30 | G43: =B43 -> 30 | H43: =C43 -> 0 | I43: =D43 -> 0 | K43: =E43 -> 0
C44: Trưởng Trung tâm đào tạo | F44: Người lập | H44: Chữ ký giáo viên:
G46: Lưu ý:
G47: - Giáo viên điểm danh theo ngày và đánh dấu: X: có mặt; V: vắng mặt
C48: Nguyễn Chí Kiên | F48: Nguyễn Cao Bình | G48: - Trang thiết bị thực hành (áp dụng đối với nội dung thực hành Nghiệp vụ điều khiển/vận hành thiết bị):
G49: …………………………………………………………………………………............................................

Sheet 51
E2: DANH SÁCH HỌC VIÊN | J2: Biểu mẫu | N2: Mã số: V.TMM-F10
J3: ĐIỂM DANH HỌC VIÊN | N3: Ban hành: 04
N4: Hiệu lực: 28/12/2024
N5: Trang: 1/1
B7: - Môn/Khóa học: | G7: - Môn/Khóa học: | I7: =D7 -> 0
B8: - Loại hình/hình thức đào tạo: Định kỳ/Elearning+Trực tiếp | G8: =B8 -> - Loại hình/hình thức đào tạo: Định kỳ/Elearning+Trực tiếp
B9: - Thời gian: | G9: =B9 -> - Thời gian: | I9: =D9 -> 0
B10: - Địa điểm: | D10: TTĐT | G10: =B10 -> - Địa điểm: | I10: =D10 -> TTĐT
B11: - Giáo viên: | G11: - Số học viên tham dự/tổng số học viên: | K11: =COUNTIF($L$14:$L57,"x")&"/"&COUNTA($L$14:$L57) -> 0/0
B12: STT | C12: Mã NV | D12: Họ tên | E12: Đơn vị | F12: Ghi chú | G12: STT | H12: Mã nhân viên | I12: Họ tên | K12: Đơn vị | L12: Ngày | M12: Ngày | N12: Ngày | O12: Ghi chú
L13: =I9 -> 0
B14: =ROW()-13 -> 1 | G14: =B14 -> 1 | H14: =C14 -> 0 | I14: =D14 -> 0 | K14: =E14 -> 0
B15: =ROW()-13 -> 2 | G15: =B15 -> 2 | H15: =C15 -> 0 | I15: =D15 -> 0 | K15: =E15 -> 0
B16: =ROW()-13 -> 3 | G16: =B16 -> 3 | H16: =C16 -> 0 | I16: =D16 -> 0 | K16: =E16 -> 0
B17: =ROW()-13 -> 4 | G17: =B17 -> 4 | H17: =C17 -> 0 | I17: =D17 -> 0 | K17: =E17 -> 0
B18: =ROW()-13 -> 5 | G18: =B18 -> 5 | H18: =C18 -> 0 | I18: =D18 -> 0 | K18: =E18 -> 0
B19: =ROW()-13 -> 6 | G19: =B19 -> 6 | H19: =C19 -> 0 | I19: =D19 -> 0 | K19: =E19 -> 0
B20: =ROW()-13 -> 7 | G20: =B20 -> 7 | H20: =C20 -> 0 | I20: =D20 -> 0 | K20: =E20 -> 0
B21: =ROW()-13 -> 8 | G21: =B21 -> 8 | H21: =C21 -> 0 | I21: =D21 -> 0 | K21: =E21 -> 0
B22: =ROW()-13 -> 9 | G22: =B22 -> 9 | H22: =C22 -> 0 | I22: =D22 -> 0 | K22: =E22 -> 0
B23: =ROW()-13 -> 10 | G23: =B23 -> 10 | H23: =C23 -> 0 | I23: =D23 -> 0 | K23: =E23 -> 0
B24: =ROW()-13 -> 11 | G24: =B24 -> 11 | H24: =C24 -> 0 | I24: =D24 -> 0 | K24: =E24 -> 0
B25: =ROW()-13 -> 12 | G25: =B25 -> 12 | H25: =C25 -> 0 | I25: =D25 -> 0 | K25: =E25 -> 0
... B43: =ROW()-13 -> 30 | G43: =B43 -> 30 | H43: =C43 -> 0 | I43: =D43 -> 0 | K43: =E43 -> 0
C44: Trưởng Trung tâm đào tạo | F44: Người lập | H44: Chữ ký giáo viên:
G46: Lưu ý:
G47: - Giáo viên điểm danh theo ngày và đánh dấu: X: có mặt; V: vắng mặt
C48: Nguyễn Chí Kiên | F48: Nguyễn Cao Bình | G48: - Trang thiết bị thực hành (áp dụng đối với nội dung thực hành Nghiệp vụ điều khiển/vận hành thiết bị):
G49: …………………………………………………………………………………............................................

Sheet 52
E2: DANH SÁCH HỌC VIÊN | J2: Biểu mẫu | N2: Mã số: V.TMM-F10
J3: ĐIỂM DANH HỌC VIÊN | N3: Ban hành: 04
N4: Hiệu lực: 28/12/2024
N5: Trang: 1/1
B7: - Môn/Khóa học: | G7: - Môn/Khóa học: | I7: =D7 -> 0
B8: - Loại hình/hình thức đào tạo: Định kỳ/Elearning+Trực tiếp | G8: =B8 -> - Loại hình/hình thức đào tạo: Định kỳ/Elearning+Trực tiếp
B9: - Thời gian: | G9: =B9 -> - Thời gian: | I9: =D9 -> 0
B10: - Địa điểm: | D10: TTĐT | G10: =B10 -> - Địa điểm: | I10: =D10 -> TTĐT
B11: - Giáo viên: | G11: - Số học viên tham dự/tổng số học viên: | K11: =COUNTIF($L$14:$L57,"x")&"/"&COUNTA($L$14:$L57) -> 0/0
B12: STT | C12: Mã NV | D12: Họ tên | E12: Đơn vị | F12: Ghi chú | G12: STT | H12: Mã nhân viên | I12: Họ tên | K12: Đơn vị | L12: Ngày | M12: Ngày | N12: Ngày | O12: Ghi chú
L13: =I9 -> 0
B14: =ROW()-13 -> 1 | G14: =B14 -> 1 | H14: =C14 -> 0 | I14: =D14 -> 0 | K14: =E14 -> 0
B15: =ROW()-13 -> 2 | G15: =B15 -> 2 | H15: =C15 -> 0 | I15: =D15 -> 0 | K15: =E15 -> 0
B16: =ROW()-13 -> 3 | G16: =B16 -> 3 | H16: =C16 -> 0 | I16: =D16 -> 0 | K16: =E16 -> 0
B17: =ROW()-13 -> 4 | G17: =B17 -> 4 | H17: =C17 -> 0 | I17: =D17 -> 0 | K17: =E17 -> 0
B18: =ROW()-13 -> 5 | G18: =B18 -> 5 | H18: =C18 -> 0 | I18: =D18 -> 0 | K18: =E18 -> 0
B19: =ROW()-13 -> 6 | G19: =B19 -> 6 | H19: =C19 -> 0 | I19: =D19 -> 0 | K19: =E19 -> 0
B20: =ROW()-13 -> 7 | G20: =B20 -> 7 | H20: =C20 -> 0 | I20: =D20 -> 0 | K20: =E20 -> 0
B21: =ROW()-13 -> 8 | G21: =B21 -> 8 | H21: =C21 -> 0 | I21: =D21 -> 0 | K21: =E21 -> 0
B22: =ROW()-13 -> 9 | G22: =B22 -> 9 | H22: =C22 -> 0 | I22: =D22 -> 0 | K22: =E22 -> 0
B23: =ROW()-13 -> 10 | G23: =B23 -> 10 | H23: =C23 -> 0 | I23: =D23 -> 0 | K23: =E23 -> 0
B24: =ROW()-13 -> 11 | G24: =B24 -> 11 | H24: =C24 -> 0 | I24: =D24 -> 0 | K24: =E24 -> 0
B25: =ROW()-13 -> 12 | G25: =B25 -> 12 | H25: =C25 -> 0 | I25: =D25 -> 0 | K25: =E25 -> 0
... B43: =ROW()-13 -> 30 | G43: =B43 -> 30 | H43: =C43 -> 0 | I43: =D43 -> 0 | K43: =E43 -> 0
C44: Trưởng Trung tâm đào tạo | F44: Người lập | H44: Chữ ký giáo viên:
G46: Lưu ý:
G47: - Giáo viên điểm danh theo ngày và đánh dấu: X: có mặt; V: vắng mặt
C48: Nguyễn Chí Kiên | F48: Nguyễn Cao Bình | G48: - Trang thiết bị thực hành (áp dụng đối với nội dung thực hành Nghiệp vụ điều khiển/vận hành thiết bị):
G49: …………………………………………………………………………………............................................

Sheet 53
E2: DANH SÁCH HỌC VIÊN | J2: Biểu mẫu | N2: Mã số: V.TMM-F10
J3: ĐIỂM DANH HỌC VIÊN | N3: Ban hành: 04
N4: Hiệu lực: 28/12/2024
N5: Trang: 1/1
B7: - Môn/Khóa học: | G7: - Môn/Khóa học: | I7: =D7 -> 0
B8: - Loại hình/hình thức đào tạo: Định kỳ/Elearning+Trực tiếp | G8: =B8 -> - Loại hình/hình thức đào tạo: Định kỳ/Elearning+Trực tiếp
B9: - Thời gian: | G9: =B9 -> - Thời gian: | I9: =D9 -> 0
B10: - Địa điểm: | D10: TTĐT | G10: =B10 -> - Địa điểm: | I10: =D10 -> TTĐT
B11: - Giáo viên: | G11: - Số học viên tham dự/tổng số học viên: | K11: =COUNTIF($L$14:$L57,"x")&"/"&COUNTA($L$14:$L57) -> 0/0
B12: STT | C12: Mã NV | D12: Họ tên | E12: Đơn vị | F12: Ghi chú | G12: STT | H12: Mã nhân viên | I12: Họ tên | K12: Đơn vị | L12: Ngày | M12: Ngày | N12: Ngày | O12: Ghi chú
L13: =I9 -> 0
B14: =ROW()-13 -> 1 | G14: =B14 -> 1 | H14: =C14 -> 0 | I14: =D14 -> 0 | K14: =E14 -> 0
B15: =ROW()-13 -> 2 | G15: =B15 -> 2 | H15: =C15 -> 0 | I15: =D15 -> 0 | K15: =E15 -> 0
B16: =ROW()-13 -> 3 | G16: =B16 -> 3 | H16: =C16 -> 0 | I16: =D16 -> 0 | K16: =E16 -> 0
B17: =ROW()-13 -> 4 | G17: =B17 -> 4 | H17: =C17 -> 0 | I17: =D17 -> 0 | K17: =E17 -> 0
B18: =ROW()-13 -> 5 | G18: =B18 -> 5 | H18: =C18 -> 0 | I18: =D18 -> 0 | K18: =E18 -> 0
B19: =ROW()-13 -> 6 | G19: =B19 -> 6 | H19: =C19 -> 0 | I19: =D19 -> 0 | K19: =E19 -> 0
B20: =ROW()-13 -> 7 | G20: =B20 -> 7 | H20: =C20 -> 0 | I20: =D20 -> 0 | K20: =E20 -> 0
B21: =ROW()-13 -> 8 | G21: =B21 -> 8 | H21: =C21 -> 0 | I21: =D21 -> 0 | K21: =E21 -> 0
B22: =ROW()-13 -> 9 | G22: =B22 -> 9 | H22: =C22 -> 0 | I22: =D22 -> 0 | K22: =E22 -> 0
B23: =ROW()-13 -> 10 | G23: =B23 -> 10 | H23: =C23 -> 0 | I23: =D23 -> 0 | K23: =E23 -> 0
B24: =ROW()-13 -> 11 | G24: =B24 -> 11 | H24: =C24 -> 0 | I24: =D24 -> 0 | K24: =E24 -> 0
B25: =ROW()-13 -> 12 | G25: =B25 -> 12 | H25: =C25 -> 0 | I25: =D25 -> 0 | K25: =E25 -> 0
... B43: =ROW()-13 -> 30 | G43: =B43 -> 30 | H43: =C43 -> 0 | I43: =D43 -> 0 | K43: =E43 -> 0
C44: Trưởng Trung tâm đào tạo | F44: Người lập | H44: Chữ ký giáo viên:
G46: Lưu ý:
G47: - Giáo viên điểm danh theo ngày và đánh dấu: X: có mặt; V: vắng mặt
C48: Nguyễn Chí Kiên | F48: Nguyễn Cao Bình | G48: - Trang thiết bị thực hành (áp dụng đối với nội dung thực hành Nghiệp vụ điều khiển/vận hành thiết bị):
G49: …………………………………………………………………………………............................................

Sheet 54
E2: DANH SÁCH HỌC VIÊN | J2: Biểu mẫu | N2: Mã số: V.TMM-F10
J3: ĐIỂM DANH HỌC VIÊN | N3: Ban hành: 04
N4: Hiệu lực: 28/12/2024
N5: Trang: 1/1
B7: - Môn/Khóa học: | G7: - Môn/Khóa học: | I7: =D7 -> 0
B8: - Loại hình/hình thức đào tạo: Định kỳ/Elearning+Trực tiếp | G8: =B8 -> - Loại hình/hình thức đào tạo: Định kỳ/Elearning+Trực tiếp
B9: - Thời gian: | G9: =B9 -> - Thời gian: | I9: =D9 -> 0
B10: - Địa điểm: | D10: TTĐT | G10: =B10 -> - Địa điểm: | I10: =D10 -> TTĐT
B11: - Giáo viên: | G11: - Số học viên tham dự/tổng số học viên: | K11: =COUNTIF($L$14:$L57,"x")&"/"&COUNTA($L$14:$L57) -> 0/0
B12: STT | C12: Mã NV | D12: Họ tên | E12: Đơn vị | F12: Ghi chú | G12: STT | H12: Mã nhân viên | I12: Họ tên | K12: Đơn vị | L12: Ngày | M12: Ngày | N12: Ngày | O12: Ghi chú
L13: =I9 -> 0
B14: =ROW()-13 -> 1 | G14: =B14 -> 1 | H14: =C14 -> 0 | I14: =D14 -> 0 | K14: =E14 -> 0
B15: =ROW()-13 -> 2 | G15: =B15 -> 2 | H15: =C15 -> 0 | I15: =D15 -> 0 | K15: =E15 -> 0
B16: =ROW()-13 -> 3 | G16: =B16 -> 3 | H16: =C16 -> 0 | I16: =D16 -> 0 | K16: =E16 -> 0
B17: =ROW()-13 -> 4 | G17: =B17 -> 4 | H17: =C17 -> 0 | I17: =D17 -> 0 | K17: =E17 -> 0
B18: =ROW()-13 -> 5 | G18: =B18 -> 5 | H18: =C18 -> 0 | I18: =D18 -> 0 | K18: =E18 -> 0
B19: =ROW()-13 -> 6 | G19: =B19 -> 6 | H19: =C19 -> 0 | I19: =D19 -> 0 | K19: =E19 -> 0
B20: =ROW()-13 -> 7 | G20: =B20 -> 7 | H20: =C20 -> 0 | I20: =D20 -> 0 | K20: =E20 -> 0
B21: =ROW()-13 -> 8 | G21: =B21 -> 8 | H21: =C21 -> 0 | I21: =D21 -> 0 | K21: =E21 -> 0
B22: =ROW()-13 -> 9 | G22: =B22 -> 9 | H22: =C22 -> 0 | I22: =D22 -> 0 | K22: =E22 -> 0
B23: =ROW()-13 -> 10 | G23: =B23 -> 10 | H23: =C23 -> 0 | I23: =D23 -> 0 | K23: =E23 -> 0
B24: =ROW()-13 -> 11 | G24: =B24 -> 11 | H24: =C24 -> 0 | I24: =D24 -> 0 | K24: =E24 -> 0
B25: =ROW()-13 -> 12 | G25: =B25 -> 12 | H25: =C25 -> 0 | I25: =D25 -> 0 | K25: =E25 -> 0
... B43: =ROW()-13 -> 30 | G43: =B43 -> 30 | H43: =C43 -> 0 | I43: =D43 -> 0 | K43: =E43 -> 0
C44: Trưởng Trung tâm đào tạo | F44: Người lập | H44: Chữ ký giáo viên:
G46: Lưu ý:
G47: - Giáo viên điểm danh theo ngày và đánh dấu: X: có mặt; V: vắng mặt
C48: Nguyễn Chí Kiên | F48: Nguyễn Cao Bình | G48: - Trang thiết bị thực hành (áp dụng đối với nội dung thực hành Nghiệp vụ điều khiển/vận hành thiết bị):
G49: …………………………………………………………………………………............................................

Sheet 55
E2: DANH SÁCH HỌC VIÊN | J2: Biểu mẫu | N2: Mã số: V.TMM-F10
J3: ĐIỂM DANH HỌC VIÊN | N3: Ban hành: 04
N4: Hiệu lực: 28/12/2024
N5: Trang: 1/1
B7: - Môn/Khóa học: | G7: - Môn/Khóa học: | I7: =D7 -> 0
B8: - Loại hình/hình thức đào tạo: Định kỳ/Elearning+Trực tiếp | G8: =B8 -> - Loại hình/hình thức đào tạo: Định kỳ/Elearning+Trực tiếp
B9: - Thời gian: | G9: =B9 -> - Thời gian: | I9: =D9 -> 0
B10: - Địa điểm: | D10: TTĐT | G10: =B10 -> - Địa điểm: | I10: =D10 -> TTĐT
B11: - Giáo viên: | G11: - Số học viên tham dự/tổng số học viên: | K11: =COUNTIF($L$14:$L57,"x")&"/"&COUNTA($L$14:$L57) -> 0/0
B12: STT | C12: Mã NV | D12: Họ tên | E12: Đơn vị | F12: Ghi chú | G12: STT | H12: Mã nhân viên | I12: Họ tên | K12: Đơn vị | L12: Ngày | M12: Ngày | N12: Ngày | O12: Ghi chú
L13: =I9 -> 0
B14: =ROW()-13 -> 1 | G14: =B14 -> 1 | H14: =C14 -> 0 | I14: =D14 -> 0 | K14: =E14 -> 0
B15: =ROW()-13 -> 2 | G15: =B15 -> 2 | H15: =C15 -> 0 | I15: =D15 -> 0 | K15: =E15 -> 0
B16: =ROW()-13 -> 3 | G16: =B16 -> 3 | H16: =C16 -> 0 | I16: =D16 -> 0 | K16: =E16 -> 0
B17: =ROW()-13 -> 4 | G17: =B17 -> 4 | H17: =C17 -> 0 | I17: =D17 -> 0 | K17: =E17 -> 0
B18: =ROW()-13 -> 5 | G18: =B18 -> 5 | H18: =C18 -> 0 | I18: =D18 -> 0 | K18: =E18 -> 0
B19: =ROW()-13 -> 6 | G19: =B19 -> 6 | H19: =C19 -> 0 | I19: =D19 -> 0 | K19: =E19 -> 0
B20: =ROW()-13 -> 7 | G20: =B20 -> 7 | H20: =C20 -> 0 | I20: =D20 -> 0 | K20: =E20 -> 0
B21: =ROW()-13 -> 8 | G21: =B21 -> 8 | H21: =C21 -> 0 | I21: =D21 -> 0 | K21: =E21 -> 0
B22: =ROW()-13 -> 9 | G22: =B22 -> 9 | H22: =C22 -> 0 | I22: =D22 -> 0 | K22: =E22 -> 0
B23: =ROW()-13 -> 10 | G23: =B23 -> 10 | H23: =C23 -> 0 | I23: =D23 -> 0 | K23: =E23 -> 0
B24: =ROW()-13 -> 11 | G24: =B24 -> 11 | H24: =C24 -> 0 | I24: =D24 -> 0 | K24: =E24 -> 0
B25: =ROW()-13 -> 12 | G25: =B25 -> 12 | H25: =C25 -> 0 | I25: =D25 -> 0 | K25: =E25 -> 0
... B43: =ROW()-13 -> 30 | G43: =B43 -> 30 | H43: =C43 -> 0 | I43: =D43 -> 0 | K43: =E43 -> 0
C44: Trưởng Trung tâm đào tạo | F44: Người lập | H44: Chữ ký giáo viên:
G46: Lưu ý:
G47: - Giáo viên điểm danh theo ngày và đánh dấu: X: có mặt; V: vắng mặt
C48: Nguyễn Chí Kiên | F48: Nguyễn Cao Bình | G48: - Trang thiết bị thực hành (áp dụng đối với nội dung thực hành Nghiệp vụ điều khiển/vận hành thiết bị):
G49: …………………………………………………………………………………............................................

Sheet 56
E2: DANH SÁCH HỌC VIÊN | J2: Biểu mẫu | N2: Mã số: V.TMM-F10
J3: ĐIỂM DANH HỌC VIÊN | N3: Ban hành: 04
N4: Hiệu lực: 28/12/2024
N5: Trang: 1/1
B7: - Môn/Khóa học: | G7: - Môn/Khóa học: | I7: =D7 -> 0
B8: - Loại hình/hình thức đào tạo: Định kỳ/Elearning+Trực tiếp | G8: =B8 -> - Loại hình/hình thức đào tạo: Định kỳ/Elearning+Trực tiếp
B9: - Thời gian: | G9: =B9 -> - Thời gian: | I9: =D9 -> 0
B10: - Địa điểm: | D10: TTĐT | G10: =B10 -> - Địa điểm: | I10: =D10 -> TTĐT
B11: - Giáo viên: | G11: - Số học viên tham dự/tổng số học viên: | K11: =COUNTIF($L$14:$L57,"x")&"/"&COUNTA($L$14:$L57) -> 0/0
B12: STT | C12: Mã NV | D12: Họ tên | E12: Đơn vị | F12: Ghi chú | G12: STT | H12: Mã nhân viên | I12: Họ tên | K12: Đơn vị | L12: Ngày | M12: Ngày | N12: Ngày | O12: Ghi chú
L13: =I9 -> 0
B14: =ROW()-13 -> 1 | G14: =B14 -> 1 | H14: =C14 -> 0 | I14: =D14 -> 0 | K14: =E14 -> 0
B15: =ROW()-13 -> 2 | G15: =B15 -> 2 | H15: =C15 -> 0 | I15: =D15 -> 0 | K15: =E15 -> 0
B16: =ROW()-13 -> 3 | G16: =B16 -> 3 | H16: =C16 -> 0 | I16: =D16 -> 0 | K16: =E16 -> 0
B17: =ROW()-13 -> 4 | G17: =B17 -> 4 | H17: =C17 -> 0 | I17: =D17 -> 0 | K17: =E17 -> 0
B18: =ROW()-13 -> 5 | G18: =B18 -> 5 | H18: =C18 -> 0 | I18: =D18 -> 0 | K18: =E18 -> 0
B19: =ROW()-13 -> 6 | G19: =B19 -> 6 | H19: =C19 -> 0 | I19: =D19 -> 0 | K19: =E19 -> 0
B20: =ROW()-13 -> 7 | G20: =B20 -> 7 | H20: =C20 -> 0 | I20: =D20 -> 0 | K20: =E20 -> 0
B21: =ROW()-13 -> 8 | G21: =B21 -> 8 | H21: =C21 -> 0 | I21: =D21 -> 0 | K21: =E21 -> 0
B22: =ROW()-13 -> 9 | G22: =B22 -> 9 | H22: =C22 -> 0 | I22: =D22 -> 0 | K22: =E22 -> 0
B23: =ROW()-13 -> 10 | G23: =B23 -> 10 | H23: =C23 -> 0 | I23: =D23 -> 0 | K23: =E23 -> 0
B24: =ROW()-13 -> 11 | G24: =B24 -> 11 | H24: =C24 -> 0 | I24: =D24 -> 0 | K24: =E24 -> 0
B25: =ROW()-13 -> 12 | G25: =B25 -> 12 | H25: =C25 -> 0 | I25: =D25 -> 0 | K25: =E25 -> 0
... B43: =ROW()-13 -> 30 | G43: =B43 -> 30 | H43: =C43 -> 0 | I43: =D43 -> 0 | K43: =E43 -> 0
C44: Trưởng Trung tâm đào tạo | F44: Người lập | H44: Chữ ký giáo viên:
G46: Lưu ý:
G47: - Giáo viên điểm danh theo ngày và đánh dấu: X: có mặt; V: vắng mặt
C48: Nguyễn Chí Kiên | F48: Nguyễn Cao Bình | G48: - Trang thiết bị thực hành (áp dụng đối với nội dung thực hành Nghiệp vụ điều khiển/vận hành thiết bị):
G49: …………………………………………………………………………………............................................

Sheet 57
E2: DANH SÁCH HỌC VIÊN | J2: Biểu mẫu | N2: Mã số: V.TMM-F10
J3: ĐIỂM DANH HỌC VIÊN | N3: Ban hành: 04
N4: Hiệu lực: 28/12/2024
N5: Trang: 1/1
B7: - Môn/Khóa học: | G7: - Môn/Khóa học: | I7: =D7 -> 0
B8: - Loại hình/hình thức đào tạo: Định kỳ/Elearning+Trực tiếp | G8: =B8 -> - Loại hình/hình thức đào tạo: Định kỳ/Elearning+Trực tiếp
B9: - Thời gian: | G9: =B9 -> - Thời gian: | I9: =D9 -> 0
B10: - Địa điểm: | D10: TTĐT | G10: =B10 -> - Địa điểm: | I10: =D10 -> TTĐT
B11: - Giáo viên: | G11: - Số học viên tham dự/tổng số học viên: | K11: =COUNTIF($L$14:$L57,"x")&"/"&COUNTA($L$14:$L57) -> 0/0
B12: STT | C12: Mã NV | D12: Họ tên | E12: Đơn vị | F12: Ghi chú | G12: STT | H12: Mã nhân viên | I12: Họ tên | K12: Đơn vị | L12: Ngày | M12: Ngày | N12: Ngày | O12: Ghi chú
L13: =I9 -> 0
B14: =ROW()-13 -> 1 | G14: =B14 -> 1 | H14: =C14 -> 0 | I14: =D14 -> 0 | K14: =E14 -> 0
B15: =ROW()-13 -> 2 | G15: =B15 -> 2 | H15: =C15 -> 0 | I15: =D15 -> 0 | K15: =E15 -> 0
B16: =ROW()-13 -> 3 | G16: =B16 -> 3 | H16: =C16 -> 0 | I16: =D16 -> 0 | K16: =E16 -> 0
B17: =ROW()-13 -> 4 | G17: =B17 -> 4 | H17: =C17 -> 0 | I17: =D17 -> 0 | K17: =E17 -> 0
B18: =ROW()-13 -> 5 | G18: =B18 -> 5 | H18: =C18 -> 0 | I18: =D18 -> 0 | K18: =E18 -> 0
B19: =ROW()-13 -> 6 | G19: =B19 -> 6 | H19: =C19 -> 0 | I19: =D19 -> 0 | K19: =E19 -> 0
B20: =ROW()-13 -> 7 | G20: =B20 -> 7 | H20: =C20 -> 0 | I20: =D20 -> 0 | K20: =E20 -> 0
B21: =ROW()-13 -> 8 | G21: =B21 -> 8 | H21: =C21 -> 0 | I21: =D21 -> 0 | K21: =E21 -> 0
B22: =ROW()-13 -> 9 | G22: =B22 -> 9 | H22: =C22 -> 0 | I22: =D22 -> 0 | K22: =E22 -> 0
B23: =ROW()-13 -> 10 | G23: =B23 -> 10 | H23: =C23 -> 0 | I23: =D23 -> 0 | K23: =E23 -> 0
B24: =ROW()-13 -> 11 | G24: =B24 -> 11 | H24: =C24 -> 0 | I24: =D24 -> 0 | K24: =E24 -> 0
B25: =ROW()-13 -> 12 | G25: =B25 -> 12 | H25: =C25 -> 0 | I25: =D25 -> 0 | K25: =E25 -> 0
... B43: =ROW()-13 -> 30 | G43: =B43 -> 30 | H43: =C43 -> 0 | I43: =D43 -> 0 | K43: =E43 -> 0
C44: Trưởng Trung tâm đào tạo | F44: Người lập | H44: Chữ ký giáo viên:
G46: Lưu ý:
G47: - Giáo viên điểm danh theo ngày và đánh dấu: X: có mặt; V: vắng mặt
C48: Nguyễn Chí Kiên | F48: Nguyễn Cao Bình | G48: - Trang thiết bị thực hành (áp dụng đối với nội dung thực hành Nghiệp vụ điều khiển/vận hành thiết bị):
G49: …………………………………………………………………………………............................................

Sheet 58
E2: DANH SÁCH HỌC VIÊN | J2: Biểu mẫu | N2: Mã số: V.TMM-F10
J3: ĐIỂM DANH HỌC VIÊN | N3: Ban hành: 04
N4: Hiệu lực: 28/12/2024
N5: Trang: 1/1
B7: - Môn/Khóa học: | G7: - Môn/Khóa học: | I7: =D7 -> 0
B8: - Loại hình/hình thức đào tạo: Định kỳ/Elearning+Trực tiếp | G8: =B8 -> - Loại hình/hình thức đào tạo: Định kỳ/Elearning+Trực tiếp
B9: - Thời gian: | G9: =B9 -> - Thời gian: | I9: =D9 -> 0
B10: - Địa điểm: | D10: TTĐT | G10: =B10 -> - Địa điểm: | I10: =D10 -> TTĐT
B11: - Giáo viên: | G11: - Số học viên tham dự/tổng số học viên: | K11: =COUNTIF($L$14:$L57,"x")&"/"&COUNTA($L$14:$L57) -> 0/0
B12: STT | C12: Mã NV | D12: Họ tên | E12: Đơn vị | F12: Ghi chú | G12: STT | H12: Mã nhân viên | I12: Họ tên | K12: Đơn vị | L12: Ngày | M12: Ngày | N12: Ngày | O12: Ghi chú
L13: =I9 -> 0
B14: =ROW()-13 -> 1 | G14: =B14 -> 1 | H14: =C14 -> 0 | I14: =D14 -> 0 | K14: =E14 -> 0
B15: =ROW()-13 -> 2 | G15: =B15 -> 2 | H15: =C15 -> 0 | I15: =D15 -> 0 | K15: =E15 -> 0
B16: =ROW()-13 -> 3 | G16: =B16 -> 3 | H16: =C16 -> 0 | I16: =D16 -> 0 | K16: =E16 -> 0
B17: =ROW()-13 -> 4 | G17: =B17 -> 4 | H17: =C17 -> 0 | I17: =D17 -> 0 | K17: =E17 -> 0
B18: =ROW()-13 -> 5 | G18: =B18 -> 5 | H18: =C18 -> 0 | I18: =D18 -> 0 | K18: =E18 -> 0
B19: =ROW()-13 -> 6 | G19: =B19 -> 6 | H19: =C19 -> 0 | I19: =D19 -> 0 | K19: =E19 -> 0
B20: =ROW()-13 -> 7 | G20: =B20 -> 7 | H20: =C20 -> 0 | I20: =D20 -> 0 | K20: =E20 -> 0
B21: =ROW()-13 -> 8 | G21: =B21 -> 8 | H21: =C21 -> 0 | I21: =D21 -> 0 | K21: =E21 -> 0
B22: =ROW()-13 -> 9 | G22: =B22 -> 9 | H22: =C22 -> 0 | I22: =D22 -> 0 | K22: =E22 -> 0
B23: =ROW()-13 -> 10 | G23: =B23 -> 10 | H23: =C23 -> 0 | I23: =D23 -> 0 | K23: =E23 -> 0
B24: =ROW()-13 -> 11 | G24: =B24 -> 11 | H24: =C24 -> 0 | I24: =D24 -> 0 | K24: =E24 -> 0
B25: =ROW()-13 -> 12 | G25: =B25 -> 12 | H25: =C25 -> 0 | I25: =D25 -> 0 | K25: =E25 -> 0
... B43: =ROW()-13 -> 30 | G43: =B43 -> 30 | H43: =C43 -> 0 | I43: =D43 -> 0 | K43: =E43 -> 0
C44: Trưởng Trung tâm đào tạo | F44: Người lập | H44: Chữ ký giáo viên:
G46: Lưu ý:
G47: - Giáo viên điểm danh theo ngày và đánh dấu: X: có mặt; V: vắng mặt
C48: Nguyễn Chí Kiên | F48: Nguyễn Cao Bình | G48: - Trang thiết bị thực hành (áp dụng đối với nội dung thực hành Nghiệp vụ điều khiển/vận hành thiết bị):
G49: …………………………………………………………………………………............................................

Sheet 59
E2: DANH SÁCH HỌC VIÊN | J2: Biểu mẫu | N2: Mã số: V.TMM-F10
J3: ĐIỂM DANH HỌC VIÊN | N3: Ban hành: 04
N4: Hiệu lực: 28/12/2024
N5: Trang: 1/1
B7: - Môn/Khóa học: | G7: - Môn/Khóa học: | I7: =D7 -> 0
B8: - Loại hình/hình thức đào tạo: Định kỳ/Elearning+Trực tiếp | G8: =B8 -> - Loại hình/hình thức đào tạo: Định kỳ/Elearning+Trực tiếp
B9: - Thời gian: | G9: =B9 -> - Thời gian: | I9: =D9 -> 0
B10: - Địa điểm: | D10: TTĐT | G10: =B10 -> - Địa điểm: | I10: =D10 -> TTĐT
B11: - Giáo viên: | G11: - Số học viên tham dự/tổng số học viên: | K11: =COUNTIF($L$14:$L57,"x")&"/"&COUNTA($L$14:$L57) -> 0/0
B12: STT | C12: Mã NV | D12: Họ tên | E12: Đơn vị | F12: Ghi chú | G12: STT | H12: Mã nhân viên | I12: Họ tên | K12: Đơn vị | L12: Ngày | M12: Ngày | N12: Ngày | O12: Ghi chú
L13: =I9 -> 0
B14: =ROW()-13 -> 1 | G14: =B14 -> 1 | H14: =C14 -> 0 | I14: =D14 -> 0 | K14: =E14 -> 0
B15: =ROW()-13 -> 2 | G15: =B15 -> 2 | H15: =C15 -> 0 | I15: =D15 -> 0 | K15: =E15 -> 0
B16: =ROW()-13 -> 3 | G16: =B16 -> 3 | H16: =C16 -> 0 | I16: =D16 -> 0 | K16: =E16 -> 0
B17: =ROW()-13 -> 4 | G17: =B17 -> 4 | H17: =C17 -> 0 | I17: =D17 -> 0 | K17: =E17 -> 0
B18: =ROW()-13 -> 5 | G18: =B18 -> 5 | H18: =C18 -> 0 | I18: =D18 -> 0 | K18: =E18 -> 0
B19: =ROW()-13 -> 6 | G19: =B19 -> 6 | H19: =C19 -> 0 | I19: =D19 -> 0 | K19: =E19 -> 0
B20: =ROW()-13 -> 7 | G20: =B20 -> 7 | H20: =C20 -> 0 | I20: =D20 -> 0 | K20: =E20 -> 0
B21: =ROW()-13 -> 8 | G21: =B21 -> 8 | H21: =C21 -> 0 | I21: =D21 -> 0 | K21: =E21 -> 0
B22: =ROW()-13 -> 9 | G22: =B22 -> 9 | H22: =C22 -> 0 | I22: =D22 -> 0 | K22: =E22 -> 0
B23: =ROW()-13 -> 10 | G23: =B23 -> 10 | H23: =C23 -> 0 | I23: =D23 -> 0 | K23: =E23 -> 0
B24: =ROW()-13 -> 11 | G24: =B24 -> 11 | H24: =C24 -> 0 | I24: =D24 -> 0 | K24: =E24 -> 0
B25: =ROW()-13 -> 12 | G25: =B25 -> 12 | H25: =C25 -> 0 | I25: =D25 -> 0 | K25: =E25 -> 0
... B43: =ROW()-13 -> 30 | G43: =B43 -> 30 | H43: =C43 -> 0 | I43: =D43 -> 0 | K43: =E43 -> 0
C44: Trưởng Trung tâm đào tạo | F44: Người lập | H44: Chữ ký giáo viên:
G46: Lưu ý:
G47: - Giáo viên điểm danh theo ngày và đánh dấu: X: có mặt; V: vắng mặt
C48: Nguyễn Chí Kiên | F48: Nguyễn Cao Bình | G48: - Trang thiết bị thực hành (áp dụng đối với nội dung thực hành Nghiệp vụ điều khiển/vận hành thiết bị):
G49: …………………………………………………………………………………............................................

Sheet 60
E2: DANH SÁCH HỌC VIÊN | J2: Biểu mẫu | N2: Mã số: V.TMM-F10
J3: ĐIỂM DANH HỌC VIÊN | N3: Ban hành: 04
N4: Hiệu lực: 28/12/2024
N5: Trang: 1/1
B7: - Môn/Khóa học: | G7: - Môn/Khóa học: | I7: =D7 -> 0
B8: - Loại hình/hình thức đào tạo: Định kỳ/Elearning+Trực tiếp | G8: =B8 -> - Loại hình/hình thức đào tạo: Định kỳ/Elearning+Trực tiếp
B9: - Thời gian: | G9: =B9 -> - Thời gian: | I9: =D9 -> 0
B10: - Địa điểm: | D10: TTĐT | G10: =B10 -> - Địa điểm: | I10: =D10 -> TTĐT
B11: - Giáo viên: | G11: - Số học viên tham dự/tổng số học viên: | K11: =COUNTIF($L$14:$L57,"x")&"/"&COUNTA($L$14:$L57) -> 0/0
B12: STT | C12: Mã NV | D12: Họ tên | E12: Đơn vị | F12: Ghi chú | G12: STT | H12: Mã nhân viên | I12: Họ tên | K12: Đơn vị | L12: Ngày | M12: Ngày | N12: Ngày | O12: Ghi chú
L13: =I9 -> 0
B14: =ROW()-13 -> 1 | G14: =B14 -> 1 | H14: =C14 -> 0 | I14: =D14 -> 0 | K14: =E14 -> 0
B15: =ROW()-13 -> 2 | G15: =B15 -> 2 | H15: =C15 -> 0 | I15: =D15 -> 0 | K15: =E15 -> 0
B16: =ROW()-13 -> 3 | G16: =B16 -> 3 | H16: =C16 -> 0 | I16: =D16 -> 0 | K16: =E16 -> 0
B17: =ROW()-13 -> 4 | G17: =B17 -> 4 | H17: =C17 -> 0 | I17: =D17 -> 0 | K17: =E17 -> 0
B18: =ROW()-13 -> 5 | G18: =B18 -> 5 | H18: =C18 -> 0 | I18: =D18 -> 0 | K18: =E18 -> 0
B19: =ROW()-13 -> 6 | G19: =B19 -> 6 | H19: =C19 -> 0 | I19: =D19 -> 0 | K19: =E19 -> 0
B20: =ROW()-13 -> 7 | G20: =B20 -> 7 | H20: =C20 -> 0 | I20: =D20 -> 0 | K20: =E20 -> 0
B21: =ROW()-13 -> 8 | G21: =B21 -> 8 | H21: =C21 -> 0 | I21: =D21 -> 0 | K21: =E21 -> 0
B22: =ROW()-13 -> 9 | G22: =B22 -> 9 | H22: =C22 -> 0 | I22: =D22 -> 0 | K22: =E22 -> 0
B23: =ROW()-13 -> 10 | G23: =B23 -> 10 | H23: =C23 -> 0 | I23: =D23 -> 0 | K23: =E23 -> 0
B24: =ROW()-13 -> 11 | G24: =B24 -> 11 | H24: =C24 -> 0 | I24: =D24 -> 0 | K24: =E24 -> 0
B25: =ROW()-13 -> 12 | G25: =B25 -> 12 | H25: =C25 -> 0 | I25: =D25 -> 0 | K25: =E25 -> 0
... B43: =ROW()-13 -> 30 | G43: =B43 -> 30 | H43: =C43 -> 0 | I43: =D43 -> 0 | K43: =E43 -> 0
C44: Trưởng Trung tâm đào tạo | F44: Người lập | H44: Chữ ký giáo viên:
G46: Lưu ý:
G47: - Giáo viên điểm danh theo ngày và đánh dấu: X: có mặt; V: vắng mặt
C48: Nguyễn Chí Kiên | F48: Nguyễn Cao Bình | G48: - Trang thiết bị thực hành (áp dụng đối với nội dung thực hành Nghiệp vụ điều khiển/vận hành thiết bị):
G49: …………………………………………………………………………………............................................

Sheet 61
E2: DANH SÁCH HỌC VIÊN | J2: Biểu mẫu | N2: Mã số: V.TMM-F10
J3: ĐIỂM DANH HỌC VIÊN | N3: Ban hành: 04
N4: Hiệu lực: 28/12/2024
N5: Trang: 1/1
B7: - Môn/Khóa học: | G7: - Môn/Khóa học: | I7: =D7 -> 0
B8: - Loại hình/hình thức đào tạo: Định kỳ/Elearning+Trực tiếp | G8: =B8 -> - Loại hình/hình thức đào tạo: Định kỳ/Elearning+Trực tiếp
B9: - Thời gian: | G9: =B9 -> - Thời gian: | I9: =D9 -> 0
B10: - Địa điểm: | D10: TTĐT MB | G10: =B10 -> - Địa điểm: | I10: =D10 -> TTĐT MB
B11: - Giáo viên: | G11: - Số học viên tham dự/tổng số học viên: | K11: =COUNTIF($L$14:$L57,"x")&"/"&COUNTA($L$14:$L57) -> 0/0
B12: STT | C12: Mã NV | D12: Họ tên | E12: Đơn vị | F12: Ghi chú | G12: STT | H12: Mã nhân viên | I12: Họ tên | K12: Đơn vị | L12: Ngày | M12: Ngày | N12: Ngày | O12: Ghi chú
L13: =I9 -> 0
B14: =ROW()-13 -> 1 | G14: =B14 -> 1 | H14: =C14 -> 0 | I14: =D14 -> 0 | K14: =E14 -> 0
B15: =ROW()-13 -> 2 | G15: =B15 -> 2 | H15: =C15 -> 0 | I15: =D15 -> 0 | K15: =E15 -> 0
B16: =ROW()-13 -> 3 | G16: =B16 -> 3 | H16: =C16 -> 0 | I16: =D16 -> 0 | K16: =E16 -> 0
B17: =ROW()-13 -> 4 | G17: =B17 -> 4 | H17: =C17 -> 0 | I17: =D17 -> 0 | K17: =E17 -> 0
B18: =ROW()-13 -> 5 | G18: =B18 -> 5 | H18: =C18 -> 0 | I18: =D18 -> 0 | K18: =E18 -> 0
B19: =ROW()-13 -> 6 | G19: =B19 -> 6 | H19: =C19 -> 0 | I19: =D19 -> 0 | K19: =E19 -> 0
B20: =ROW()-13 -> 7 | G20: =B20 -> 7 | H20: =C20 -> 0 | I20: =D20 -> 0 | K20: =E20 -> 0
B21: =ROW()-13 -> 8 | G21: =B21 -> 8 | H21: =C21 -> 0 | I21: =D21 -> 0 | K21: =E21 -> 0
B22: =ROW()-13 -> 9 | G22: =B22 -> 9 | H22: =C22 -> 0 | I22: =D22 -> 0 | K22: =E22 -> 0
B23: =ROW()-13 -> 10 | G23: =B23 -> 10 | H23: =C23 -> 0 | I23: =D23 -> 0 | K23: =E23 -> 0
B24: =ROW()-13 -> 11 | G24: =B24 -> 11 | H24: =C24 -> 0 | I24: =D24 -> 0 | K24: =E24 -> 0
B25: =ROW()-13 -> 12 | G25: =B25 -> 12 | H25: =C25 -> 0 | I25: =D25 -> 0 | K25: =E25 -> 0
... B43: =ROW()-13 -> 30 | G43: =B43 -> 30 | H43: =C43 -> 0 | I43: =D43 -> 0 | K43: =E43 -> 0
C44: Trưởng Trung tâm đào tạo | F44: Người lập | H44: Chữ ký giáo viên:
G46: Lưu ý:
G47: - Giáo viên điểm danh theo ngày và đánh dấu: X: có mặt; V: vắng mặt
C48: Nguyễn Chí Kiên | F48: Nguyễn Cao Bình | G48: - Trang thiết bị thực hành (áp dụng đối với nội dung thực hành Nghiệp vụ điều khiển/vận hành thiết bị):
G49: …………………………………………………………………………………............................................

Sheet 62
E2: DANH SÁCH HỌC VIÊN | J2: Biểu mẫu | N2: Mã số: V.TMM-F10
J3: ĐIỂM DANH HỌC VIÊN | N3: Ban hành: 04
N4: Hiệu lực: 28/12/2024
N5: Trang: 1/1
B7: - Môn/Khóa học: | G7: - Môn/Khóa học: | I7: =D7 -> 0
B8: - Loại hình/hình thức đào tạo: Định kỳ/Elearning+Trực tiếp | G8: =B8 -> - Loại hình/hình thức đào tạo: Định kỳ/Elearning+Trực tiếp
B9: - Thời gian: | G9: =B9 -> - Thời gian: | I9: =D9 -> 0
B10: - Địa điểm: | D10: TTĐT MB | G10: =B10 -> - Địa điểm: | I10: =D10 -> TTĐT MB
B11: - Giáo viên: | G11: - Số học viên tham dự/tổng số học viên: | K11: =COUNTIF($L$14:$L57,"x")&"/"&COUNTA($L$14:$L57) -> 0/0
B12: STT | C12: Mã NV | D12: Họ tên | E12: Đơn vị | F12: Ghi chú | G12: STT | H12: Mã nhân viên | I12: Họ tên | K12: Đơn vị | L12: Ngày | M12: Ngày | N12: Ngày | O12: Ghi chú
L13: =I9 -> 0
B14: =ROW()-13 -> 1 | G14: =B14 -> 1 | H14: =C14 -> 0 | I14: =D14 -> 0 | K14: =E14 -> 0
B15: =ROW()-13 -> 2 | G15: =B15 -> 2 | H15: =C15 -> 0 | I15: =D15 -> 0 | K15: =E15 -> 0
B16: =ROW()-13 -> 3 | G16: =B16 -> 3 | H16: =C16 -> 0 | I16: =D16 -> 0 | K16: =E16 -> 0
B17: =ROW()-13 -> 4 | G17: =B17 -> 4 | H17: =C17 -> 0 | I17: =D17 -> 0 | K17: =E17 -> 0
B18: =ROW()-13 -> 5 | G18: =B18 -> 5 | H18: =C18 -> 0 | I18: =D18 -> 0 | K18: =E18 -> 0
B19: =ROW()-13 -> 6 | G19: =B19 -> 6 | H19: =C19 -> 0 | I19: =D19 -> 0 | K19: =E19 -> 0
B20: =ROW()-13 -> 7 | G20: =B20 -> 7 | H20: =C20 -> 0 | I20: =D20 -> 0 | K20: =E20 -> 0
B21: =ROW()-13 -> 8 | G21: =B21 -> 8 | H21: =C21 -> 0 | I21: =D21 -> 0 | K21: =E21 -> 0
B22: =ROW()-13 -> 9 | G22: =B22 -> 9 | H22: =C22 -> 0 | I22: =D22 -> 0 | K22: =E22 -> 0
B23: =ROW()-13 -> 10 | G23: =B23 -> 10 | H23: =C23 -> 0 | I23: =D23 -> 0 | K23: =E23 -> 0
B24: =ROW()-13 -> 11 | G24: =B24 -> 11 | H24: =C24 -> 0 | I24: =D24 -> 0 | K24: =E24 -> 0
B25: =ROW()-13 -> 12 | G25: =B25 -> 12 | H25: =C25 -> 0 | I25: =D25 -> 0 | K25: =E25 -> 0
... B43: =ROW()-13 -> 30 | G43: =B43 -> 30 | H43: =C43 -> 0 | I43: =D43 -> 0 | K43: =E43 -> 0
C44: Trưởng Trung tâm đào tạo | F44: Người lập | H44: Chữ ký giáo viên:
G46: Lưu ý:
G47: - Giáo viên điểm danh theo ngày và đánh dấu: X: có mặt; V: vắng mặt
C48: Nguyễn Chí Kiên | F48: Nguyễn Cao Bình | G48: - Trang thiết bị thực hành (áp dụng đối với nội dung thực hành Nghiệp vụ điều khiển/vận hành thiết bị):
G49: …………………………………………………………………………………............................................

Sheet 63
E2: DANH SÁCH HỌC VIÊN | J2: Biểu mẫu | N2: Mã số: V.TMM-F10
J3: ĐIỂM DANH HỌC VIÊN | N3: Ban hành: 04
N4: Hiệu lực: 28/12/2024
N5: Trang: 1/1
B7: - Môn/Khóa học: | G7: - Môn/Khóa học: | I7: =D7 -> 0
B8: - Loại hình/hình thức đào tạo: Định kỳ/Elearning+Trực tiếp | G8: =B8 -> - Loại hình/hình thức đào tạo: Định kỳ/Elearning+Trực tiếp
B9: - Thời gian: | G9: =B9 -> - Thời gian: | I9: =D9 -> 0
B10: - Địa điểm: | D10: TTĐT MB | G10: =B10 -> - Địa điểm: | I10: =D10 -> TTĐT MB
B11: - Giáo viên: | G11: - Số học viên tham dự/tổng số học viên: | K11: =COUNTIF($L$14:$L57,"x")&"/"&COUNTA($L$14:$L57) -> 0/0
B12: STT | C12: Mã NV | D12: Họ tên | E12: Đơn vị | F12: Ghi chú | G12: STT | H12: Mã nhân viên | I12: Họ tên | K12: Đơn vị | L12: Ngày | M12: Ngày | N12: Ngày | O12: Ghi chú
L13: =I9 -> 0
B14: =ROW()-13 -> 1 | G14: =B14 -> 1 | H14: =C14 -> 0 | I14: =D14 -> 0 | K14: =E14 -> 0
B15: =ROW()-13 -> 2 | G15: =B15 -> 2 | H15: =C15 -> 0 | I15: =D15 -> 0 | K15: =E15 -> 0
B16: =ROW()-13 -> 3 | G16: =B16 -> 3 | H16: =C16 -> 0 | I16: =D16 -> 0 | K16: =E16 -> 0
B17: =ROW()-13 -> 4 | G17: =B17 -> 4 | H17: =C17 -> 0 | I17: =D17 -> 0 | K17: =E17 -> 0
B18: =ROW()-13 -> 5 | G18: =B18 -> 5 | H18: =C18 -> 0 | I18: =D18 -> 0 | K18: =E18 -> 0
B19: =ROW()-13 -> 6 | G19: =B19 -> 6 | H19: =C19 -> 0 | I19: =D19 -> 0 | K19: =E19 -> 0
B20: =ROW()-13 -> 7 | G20: =B20 -> 7 | H20: =C20 -> 0 | I20: =D20 -> 0 | K20: =E20 -> 0
B21: =ROW()-13 -> 8 | G21: =B21 -> 8 | H21: =C21 -> 0 | I21: =D21 -> 0 | K21: =E21 -> 0
B22: =ROW()-13 -> 9 | G22: =B22 -> 9 | H22: =C22 -> 0 | I22: =D22 -> 0 | K22: =E22 -> 0
B23: =ROW()-13 -> 10 | G23: =B23 -> 10 | H23: =C23 -> 0 | I23: =D23 -> 0 | K23: =E23 -> 0
B24: =ROW()-13 -> 11 | G24: =B24 -> 11 | H24: =C24 -> 0 | I24: =D24 -> 0 | K24: =E24 -> 0
B25: =ROW()-13 -> 12 | G25: =B25 -> 12 | H25: =C25 -> 0 | I25: =D25 -> 0 | K25: =E25 -> 0
... B43: =ROW()-13 -> 30 | G43: =B43 -> 30 | H43: =C43 -> 0 | I43: =D43 -> 0 | K43: =E43 -> 0
C44: Trưởng Trung tâm đào tạo | F44: Người lập | H44: Chữ ký giáo viên:
G46: Lưu ý:
G47: - Giáo viên điểm danh theo ngày và đánh dấu: X: có mặt; V: vắng mặt
C48: Nguyễn Chí Kiên | F48: Nguyễn Cao Bình | G48: - Trang thiết bị thực hành (áp dụng đối với nội dung thực hành Nghiệp vụ điều khiển/vận hành thiết bị):
G49: …………………………………………………………………………………............................................

Sheet 64
E2: DANH SÁCH HỌC VIÊN | J2: Biểu mẫu | N2: Mã số: V.TMM-F10
J3: ĐIỂM DANH HỌC VIÊN | N3: Ban hành: 04
N4: Hiệu lực: 28/12/2024
N5: Trang: 1/1
B7: - Môn/Khóa học: | G7: - Môn/Khóa học: | I7: =D7 -> 0
B8: - Loại hình/hình thức đào tạo: Định kỳ/Elearning+Trực tiếp | G8: =B8 -> - Loại hình/hình thức đào tạo: Định kỳ/Elearning+Trực tiếp
B9: - Thời gian: | G9: =B9 -> - Thời gian: | I9: =D9 -> 0
B10: - Địa điểm: | D10: TTĐT MB | G10: =B10 -> - Địa điểm: | I10: =D10 -> TTĐT MB
B11: - Giáo viên: | G11: - Số học viên tham dự/tổng số học viên: | K11: =COUNTIF($L$14:$L57,"x")&"/"&COUNTA($L$14:$L57) -> 0/0
B12: STT | C12: Mã NV | D12: Họ tên | E12: Đơn vị | F12: Ghi chú | G12: STT | H12: Mã nhân viên | I12: Họ tên | K12: Đơn vị | L12: Ngày | M12: Ngày | N12: Ngày | O12: Ghi chú
L13: =I9 -> 0
B14: =ROW()-13 -> 1 | G14: =B14 -> 1 | H14: =C14 -> 0 | I14: =D14 -> 0 | K14: =E14 -> 0
B15: =ROW()-13 -> 2 | G15: =B15 -> 2 | H15: =C15 -> 0 | I15: =D15 -> 0 | K15: =E15 -> 0
B16: =ROW()-13 -> 3 | G16: =B16 -> 3 | H16: =C16 -> 0 | I16: =D16 -> 0 | K16: =E16 -> 0
B17: =ROW()-13 -> 4 | G17: =B17 -> 4 | H17: =C17 -> 0 | I17: =D17 -> 0 | K17: =E17 -> 0
B18: =ROW()-13 -> 5 | G18: =B18 -> 5 | H18: =C18 -> 0 | I18: =D18 -> 0 | K18: =E18 -> 0
B19: =ROW()-13 -> 6 | G19: =B19 -> 6 | H19: =C19 -> 0 | I19: =D19 -> 0 | K19: =E19 -> 0
B20: =ROW()-13 -> 7 | G20: =B20 -> 7 | H20: =C20 -> 0 | I20: =D20 -> 0 | K20: =E20 -> 0
B21: =ROW()-13 -> 8 | G21: =B21 -> 8 | H21: =C21 -> 0 | I21: =D21 -> 0 | K21: =E21 -> 0
B22: =ROW()-13 -> 9 | G22: =B22 -> 9 | H22: =C22 -> 0 | I22: =D22 -> 0 | K22: =E22 -> 0
B23: =ROW()-13 -> 10 | G23: =B23 -> 10 | H23: =C23 -> 0 | I23: =D23 -> 0 | K23: =E23 -> 0
B24: =ROW()-13 -> 11 | G24: =B24 -> 11 | H24: =C24 -> 0 | I24: =D24 -> 0 | K24: =E24 -> 0
B25: =ROW()-13 -> 12 | G25: =B25 -> 12 | H25: =C25 -> 0 | I25: =D25 -> 0 | K25: =E25 -> 0
... B43: =ROW()-13 -> 30 | G43: =B43 -> 30 | H43: =C43 -> 0 | I43: =D43 -> 0 | K43: =E43 -> 0
C44: Trưởng Trung tâm đào tạo | F44: Người lập | H44: Chữ ký giáo viên:
G46: Lưu ý:
G47: - Giáo viên điểm danh theo ngày và đánh dấu: X: có mặt; V: vắng mặt
C48: Nguyễn Chí Kiên | F48: Nguyễn Cao Bình | G48: - Trang thiết bị thực hành (áp dụng đối với nội dung thực hành Nghiệp vụ điều khiển/vận hành thiết bị):
G49: …………………………………………………………………………………............................................

Sheet 65
E2: DANH SÁCH HỌC VIÊN | J2: Biểu mẫu | N2: Mã số: V.TMM-F10
J3: ĐIỂM DANH HỌC VIÊN | N3: Ban hành: 04
N4: Hiệu lực: 28/12/2024
N5: Trang: 1/1
B7: - Môn/Khóa học: | G7: - Môn/Khóa học: | I7: =D7 -> 0
B8: - Loại hình/hình thức đào tạo: Định kỳ/Elearning+Trực tiếp | G8: =B8 -> - Loại hình/hình thức đào tạo: Định kỳ/Elearning+Trực tiếp
B9: - Thời gian: | G9: =B9 -> - Thời gian: | I9: =D9 -> 0
B10: - Địa điểm: | D10: TTĐT MB | G10: =B10 -> - Địa điểm: | I10: =D10 -> TTĐT MB
B11: - Giáo viên: | G11: - Số học viên tham dự/tổng số học viên: | K11: =COUNTIF($L$14:$L57,"x")&"/"&COUNTA($L$14:$L57) -> 0/0
B12: STT | C12: Mã NV | D12: Họ tên | E12: Đơn vị | F12: Ghi chú | G12: STT | H12: Mã nhân viên | I12: Họ tên | K12: Đơn vị | L12: Ngày | M12: Ngày | N12: Ngày | O12: Ghi chú
L13: =I9 -> 0
B14: =ROW()-13 -> 1 | G14: =B14 -> 1 | H14: =C14 -> 0 | I14: =D14 -> 0 | K14: =E14 -> 0
B15: =ROW()-13 -> 2 | G15: =B15 -> 2 | H15: =C15 -> 0 | I15: =D15 -> 0 | K15: =E15 -> 0
B16: =ROW()-13 -> 3 | G16: =B16 -> 3 | H16: =C16 -> 0 | I16: =D16 -> 0 | K16: =E16 -> 0
B17: =ROW()-13 -> 4 | G17: =B17 -> 4 | H17: =C17 -> 0 | I17: =D17 -> 0 | K17: =E17 -> 0
B18: =ROW()-13 -> 5 | G18: =B18 -> 5 | H18: =C18 -> 0 | I18: =D18 -> 0 | K18: =E18 -> 0
B19: =ROW()-13 -> 6 | G19: =B19 -> 6 | H19: =C19 -> 0 | I19: =D19 -> 0 | K19: =E19 -> 0
B20: =ROW()-13 -> 7 | G20: =B20 -> 7 | H20: =C20 -> 0 | I20: =D20 -> 0 | K20: =E20 -> 0
B21: =ROW()-13 -> 8 | G21: =B21 -> 8 | H21: =C21 -> 0 | I21: =D21 -> 0 | K21: =E21 -> 0
B22: =ROW()-13 -> 9 | G22: =B22 -> 9 | H22: =C22 -> 0 | I22: =D22 -> 0 | K22: =E22 -> 0
B23: =ROW()-13 -> 10 | G23: =B23 -> 10 | H23: =C23 -> 0 | I23: =D23 -> 0 | K23: =E23 -> 0
B24: =ROW()-13 -> 11 | G24: =B24 -> 11 | H24: =C24 -> 0 | I24: =D24 -> 0 | K24: =E24 -> 0
B25: =ROW()-13 -> 12 | G25: =B25 -> 12 | H25: =C25 -> 0 | I25: =D25 -> 0 | K25: =E25 -> 0
... B43: =ROW()-13 -> 30 | G43: =B43 -> 30 | H43: =C43 -> 0 | I43: =D43 -> 0 | K43: =E43 -> 0
C44: Trưởng Trung tâm đào tạo | F44: Người lập | H44: Chữ ký giáo viên:
G46: Lưu ý:
G47: - Giáo viên điểm danh theo ngày và đánh dấu: X: có mặt; V: vắng mặt
C48: Nguyễn Chí Kiên | F48: Nguyễn Cao Bình | G48: - Trang thiết bị thực hành (áp dụng đối với nội dung thực hành Nghiệp vụ điều khiển/vận hành thiết bị):
G49: …………………………………………………………………………………............................................

Sheet 66
E2: DANH SÁCH HỌC VIÊN | J2: Biểu mẫu | N2: Mã số: V.TMM-F10
J3: ĐIỂM DANH HỌC VIÊN | N3: Ban hành: 04
N4: Hiệu lực: 28/12/2024
N5: Trang: 1/1
B7: - Môn/Khóa học: | G7: - Môn/Khóa học: | I7: =D7 -> 0
B8: - Loại hình/hình thức đào tạo: Định kỳ/Elearning+Trực tiếp | G8: =B8 -> - Loại hình/hình thức đào tạo: Định kỳ/Elearning+Trực tiếp
B9: - Thời gian: | G9: =B9 -> - Thời gian: | I9: =D9 -> 0
B10: - Địa điểm: | D10: TTĐT MB | G10: =B10 -> - Địa điểm: | I10: =D10 -> TTĐT MB
B11: - Giáo viên: | G11: - Số học viên tham dự/tổng số học viên: | K11: =COUNTIF($L$14:$L57,"x")&"/"&COUNTA($L$14:$L57) -> 0/0
B12: STT | C12: Mã NV | D12: Họ tên | E12: Đơn vị | F12: Ghi chú | G12: STT | H12: Mã nhân viên | I12: Họ tên | K12: Đơn vị | L12: Ngày | M12: Ngày | N12: Ngày | O12: Ghi chú
L13: =I9 -> 0
B14: =ROW()-13 -> 1 | G14: =B14 -> 1 | H14: =C14 -> 0 | I14: =D14 -> 0 | K14: =E14 -> 0
B15: =ROW()-13 -> 2 | G15: =B15 -> 2 | H15: =C15 -> 0 | I15: =D15 -> 0 | K15: =E15 -> 0
B16: =ROW()-13 -> 3 | G16: =B16 -> 3 | H16: =C16 -> 0 | I16: =D16 -> 0 | K16: =E16 -> 0
B17: =ROW()-13 -> 4 | G17: =B17 -> 4 | H17: =C17 -> 0 | I17: =D17 -> 0 | K17: =E17 -> 0
B18: =ROW()-13 -> 5 | G18: =B18 -> 5 | H18: =C18 -> 0 | I18: =D18 -> 0 | K18: =E18 -> 0
B19: =ROW()-13 -> 6 | G19: =B19 -> 6 | H19: =C19 -> 0 | I19: =D19 -> 0 | K19: =E19 -> 0
B20: =ROW()-13 -> 7 | G20: =B20 -> 7 | H20: =C20 -> 0 | I20: =D20 -> 0 | K20: =E20 -> 0
B21: =ROW()-13 -> 8 | G21: =B21 -> 8 | H21: =C21 -> 0 | I21: =D21 -> 0 | K21: =E21 -> 0
B22: =ROW()-13 -> 9 | G22: =B22 -> 9 | H22: =C22 -> 0 | I22: =D22 -> 0 | K22: =E22 -> 0
B23: =ROW()-13 -> 10 | G23: =B23 -> 10 | H23: =C23 -> 0 | I23: =D23 -> 0 | K23: =E23 -> 0
B24: =ROW()-13 -> 11 | G24: =B24 -> 11 | H24: =C24 -> 0 | I24: =D24 -> 0 | K24: =E24 -> 0
B25: =ROW()-13 -> 12 | G25: =B25 -> 12 | H25: =C25 -> 0 | I25: =D25 -> 0 | K25: =E25 -> 0
... B43: =ROW()-13 -> 30 | G43: =B43 -> 30 | H43: =C43 -> 0 | I43: =D43 -> 0 | K43: =E43 -> 0
C44: Trưởng Trung tâm đào tạo | F44: Người lập | H44: Chữ ký giáo viên:
G46: Lưu ý:
G47: - Giáo viên điểm danh theo ngày và đánh dấu: X: có mặt; V: vắng mặt
C48: Nguyễn Chí Kiên | F48: Nguyễn Cao Bình | G48: - Trang thiết bị thực hành (áp dụng đối với nội dung thực hành Nghiệp vụ điều khiển/vận hành thiết bị):
G49: …………………………………………………………………………………............................................

Sheet 67
E2: DANH SÁCH HỌC VIÊN | J2: Biểu mẫu | N2: Mã số: V.TMM-F10
J3: ĐIỂM DANH HỌC VIÊN | N3: Ban hành: 04
N4: Hiệu lực: 28/12/2024
N5: Trang: 1/1
B7: - Môn/Khóa học: | G7: - Môn/Khóa học: | I7: =D7 -> 0
B8: - Loại hình/hình thức đào tạo: Định kỳ/Elearning+Trực tiếp | G8: =B8 -> - Loại hình/hình thức đào tạo: Định kỳ/Elearning+Trực tiếp
B9: - Thời gian: | G9: =B9 -> - Thời gian: | I9: =D9 -> 0
B10: - Địa điểm: | D10: TTĐT MB | G10: =B10 -> - Địa điểm: | I10: =D10 -> TTĐT MB
B11: - Giáo viên: | G11: - Số học viên tham dự/tổng số học viên: | K11: =COUNTIF($L$14:$L57,"x")&"/"&COUNTA($L$14:$L57) -> 0/0
B12: STT | C12: Mã NV | D12: Họ tên | E12: Đơn vị | F12: Ghi chú | G12: STT | H12: Mã nhân viên | I12: Họ tên | K12: Đơn vị | L12: Ngày | M12: Ngày | N12: Ngày | O12: Ghi chú
L13: =I9 -> 0
B14: =ROW()-13 -> 1 | G14: =B14 -> 1 | H14: =C14 -> 0 | I14: =D14 -> 0 | K14: =E14 -> 0
B15: =ROW()-13 -> 2 | G15: =B15 -> 2 | H15: =C15 -> 0 | I15: =D15 -> 0 | K15: =E15 -> 0
B16: =ROW()-13 -> 3 | G16: =B16 -> 3 | H16: =C16 -> 0 | I16: =D16 -> 0 | K16: =E16 -> 0
B17: =ROW()-13 -> 4 | G17: =B17 -> 4 | H17: =C17 -> 0 | I17: =D17 -> 0 | K17: =E17 -> 0
B18: =ROW()-13 -> 5 | G18: =B18 -> 5 | H18: =C18 -> 0 | I18: =D18 -> 0 | K18: =E18 -> 0
B19: =ROW()-13 -> 6 | G19: =B19 -> 6 | H19: =C19 -> 0 | I19: =D19 -> 0 | K19: =E19 -> 0
B20: =ROW()-13 -> 7 | G20: =B20 -> 7 | H20: =C20 -> 0 | I20: =D20 -> 0 | K20: =E20 -> 0
B21: =ROW()-13 -> 8 | G21: =B21 -> 8 | H21: =C21 -> 0 | I21: =D21 -> 0 | K21: =E21 -> 0
B22: =ROW()-13 -> 9 | G22: =B22 -> 9 | H22: =C22 -> 0 | I22: =D22 -> 0 | K22: =E22 -> 0
B23: =ROW()-13 -> 10 | G23: =B23 -> 10 | H23: =C23 -> 0 | I23: =D23 -> 0 | K23: =E23 -> 0
B24: =ROW()-13 -> 11 | G24: =B24 -> 11 | H24: =C24 -> 0 | I24: =D24 -> 0 | K24: =E24 -> 0
B25: =ROW()-13 -> 12 | G25: =B25 -> 12 | H25: =C25 -> 0 | I25: =D25 -> 0 | K25: =E25 -> 0
... B43: =ROW()-13 -> 30 | G43: =B43 -> 30 | H43: =C43 -> 0 | I43: =D43 -> 0 | K43: =E43 -> 0
C44: Trưởng Trung tâm đào tạo | F44: Người lập | H44: Chữ ký giáo viên:
G46: Lưu ý:
G47: - Giáo viên điểm danh theo ngày và đánh dấu: X: có mặt; V: vắng mặt
C48: Nguyễn Chí Kiên | F48: Nguyễn Cao Bình | G48: - Trang thiết bị thực hành (áp dụng đối với nội dung thực hành Nghiệp vụ điều khiển/vận hành thiết bị):
G49: …………………………………………………………………………………............................................

Sheet 68
E2: DANH SÁCH HỌC VIÊN | J2: Biểu mẫu | N2: Mã số: V.TMM-F10
J3: ĐIỂM DANH HỌC VIÊN | N3: Ban hành: 04
N4: Hiệu lực: 28/12/2024
N5: Trang: 1/1
B7: - Môn/Khóa học: | G7: - Môn/Khóa học: | I7: =D7 -> 0
B8: - Loại hình/hình thức đào tạo: Định kỳ/Elearning+Trực tiếp | G8: =B8 -> - Loại hình/hình thức đào tạo: Định kỳ/Elearning+Trực tiếp
B9: - Thời gian: | G9: =B9 -> - Thời gian: | I9: =D9 -> 0
B10: - Địa điểm: | D10: TTĐT MB | G10: =B10 -> - Địa điểm: | I10: =D10 -> TTĐT MB
B11: - Giáo viên: | G11: - Số học viên tham dự/tổng số học viên: | K11: =COUNTIF($L$14:$L57,"x")&"/"&COUNTA($L$14:$L57) -> 0/0
B12: STT | C12: Mã NV | D12: Họ tên | E12: Đơn vị | F12: Ghi chú | G12: STT | H12: Mã nhân viên | I12: Họ tên | K12: Đơn vị | L12: Ngày | M12: Ngày | N12: Ngày | O12: Ghi chú
L13: =I9 -> 0
B14: =ROW()-13 -> 1 | G14: =B14 -> 1 | H14: =C14 -> 0 | I14: =D14 -> 0 | K14: =E14 -> 0
B15: =ROW()-13 -> 2 | G15: =B15 -> 2 | H15: =C15 -> 0 | I15: =D15 -> 0 | K15: =E15 -> 0
B16: =ROW()-13 -> 3 | G16: =B16 -> 3 | H16: =C16 -> 0 | I16: =D16 -> 0 | K16: =E16 -> 0
B17: =ROW()-13 -> 4 | G17: =B17 -> 4 | H17: =C17 -> 0 | I17: =D17 -> 0 | K17: =E17 -> 0
B18: =ROW()-13 -> 5 | G18: =B18 -> 5 | H18: =C18 -> 0 | I18: =D18 -> 0 | K18: =E18 -> 0
B19: =ROW()-13 -> 6 | G19: =B19 -> 6 | H19: =C19 -> 0 | I19: =D19 -> 0 | K19: =E19 -> 0
B20: =ROW()-13 -> 7 | G20: =B20 -> 7 | H20: =C20 -> 0 | I20: =D20 -> 0 | K20: =E20 -> 0
B21: =ROW()-13 -> 8 | G21: =B21 -> 8 | H21: =C21 -> 0 | I21: =D21 -> 0 | K21: =E21 -> 0
B22: =ROW()-13 -> 9 | G22: =B22 -> 9 | H22: =C22 -> 0 | I22: =D22 -> 0 | K22: =E22 -> 0
B23: =ROW()-13 -> 10 | G23: =B23 -> 10 | H23: =C23 -> 0 | I23: =D23 -> 0 | K23: =E23 -> 0
B24: =ROW()-13 -> 11 | G24: =B24 -> 11 | H24: =C24 -> 0 | I24: =D24 -> 0 | K24: =E24 -> 0
B25: =ROW()-13 -> 12 | G25: =B25 -> 12 | H25: =C25 -> 0 | I25: =D25 -> 0 | K25: =E25 -> 0
... B43: =ROW()-13 -> 30 | G43: =B43 -> 30 | H43: =C43 -> 0 | I43: =D43 -> 0 | K43: =E43 -> 0
C44: Trưởng Trung tâm đào tạo | F44: Người lập | H44: Chữ ký giáo viên:
G46: Lưu ý:
G47: - Giáo viên điểm danh theo ngày và đánh dấu: X: có mặt; V: vắng mặt
C48: Nguyễn Chí Kiên | F48: Nguyễn Cao Bình | G48: - Trang thiết bị thực hành (áp dụng đối với nội dung thực hành Nghiệp vụ điều khiển/vận hành thiết bị):
G49: …………………………………………………………………………………............................................

Sheet 69
E2: DANH SÁCH HỌC VIÊN | J2: Biểu mẫu | N2: Mã số: V.TMM-F10
J3: ĐIỂM DANH HỌC VIÊN | N3: Ban hành: 04
N4: Hiệu lực: 28/12/2024
N5: Trang: 1/1
B7: - Môn/Khóa học: | G7: - Môn/Khóa học: | I7: =D7 -> 0
B8: - Loại hình/hình thức đào tạo: Định kỳ/Elearning+Trực tiếp | G8: =B8 -> - Loại hình/hình thức đào tạo: Định kỳ/Elearning+Trực tiếp
B9: - Thời gian: | G9: =B9 -> - Thời gian: | I9: =D9 -> 0
B10: - Địa điểm: | D10: TTĐT MB | G10: =B10 -> - Địa điểm: | I10: =D10 -> TTĐT MB
B11: - Giáo viên: | G11: - Số học viên tham dự/tổng số học viên: | K11: =COUNTIF($L$14:$L57,"x")&"/"&COUNTA($L$14:$L57) -> 0/0
B12: STT | C12: Mã NV | D12: Họ tên | E12: Đơn vị | F12: Ghi chú | G12: STT | H12: Mã nhân viên | I12: Họ tên | K12: Đơn vị | L12: Ngày | M12: Ngày | N12: Ngày | O12: Ghi chú
L13: =I9 -> 0
B14: =ROW()-13 -> 1 | G14: =B14 -> 1 | H14: =C14 -> 0 | I14: =D14 -> 0 | K14: =E14 -> 0
B15: =ROW()-13 -> 2 | G15: =B15 -> 2 | H15: =C15 -> 0 | I15: =D15 -> 0 | K15: =E15 -> 0
B16: =ROW()-13 -> 3 | G16: =B16 -> 3 | H16: =C16 -> 0 | I16: =D16 -> 0 | K16: =E16 -> 0
B17: =ROW()-13 -> 4 | G17: =B17 -> 4 | H17: =C17 -> 0 | I17: =D17 -> 0 | K17: =E17 -> 0
B18: =ROW()-13 -> 5 | G18: =B18 -> 5 | H18: =C18 -> 0 | I18: =D18 -> 0 | K18: =E18 -> 0
B19: =ROW()-13 -> 6 | G19: =B19 -> 6 | H19: =C19 -> 0 | I19: =D19 -> 0 | K19: =E19 -> 0
B20: =ROW()-13 -> 7 | G20: =B20 -> 7 | H20: =C20 -> 0 | I20: =D20 -> 0 | K20: =E20 -> 0
B21: =ROW()-13 -> 8 | G21: =B21 -> 8 | H21: =C21 -> 0 | I21: =D21 -> 0 | K21: =E21 -> 0
B22: =ROW()-13 -> 9 | G22: =B22 -> 9 | H22: =C22 -> 0 | I22: =D22 -> 0 | K22: =E22 -> 0
B23: =ROW()-13 -> 10 | G23: =B23 -> 10 | H23: =C23 -> 0 | I23: =D23 -> 0 | K23: =E23 -> 0
B24: =ROW()-13 -> 11 | G24: =B24 -> 11 | H24: =C24 -> 0 | I24: =D24 -> 0 | K24: =E24 -> 0
B25: =ROW()-13 -> 12 | G25: =B25 -> 12 | H25: =C25 -> 0 | I25: =D25 -> 0 | K25: =E25 -> 0
... B43: =ROW()-13 -> 30 | G43: =B43 -> 30 | H43: =C43 -> 0 | I43: =D43 -> 0 | K43: =E43 -> 0
C44: Trưởng Trung tâm đào tạo | F44: Người lập | H44: Chữ ký giáo viên:
G46: Lưu ý:
G47: - Giáo viên điểm danh theo ngày và đánh dấu: X: có mặt; V: vắng mặt
C48: Nguyễn Chí Kiên | F48: Nguyễn Cao Bình | G48: - Trang thiết bị thực hành (áp dụng đối với nội dung thực hành Nghiệp vụ điều khiển/vận hành thiết bị):
G49: …………………………………………………………………………………............................................

Sheet 70
E2: DANH SÁCH HỌC VIÊN | J2: Biểu mẫu | N2: Mã số: V.TMM-F10
J3: ĐIỂM DANH HỌC VIÊN | N3: Ban hành: 04
N4: Hiệu lực: 28/12/2024
N5: Trang: 1/1
B7: - Môn/Khóa học: | G7: - Môn/Khóa học: | I7: =D7 -> 0
B8: - Loại hình/hình thức đào tạo: Định kỳ/Elearning+Trực tiếp | G8: =B8 -> - Loại hình/hình thức đào tạo: Định kỳ/Elearning+Trực tiếp
B9: - Thời gian: | G9: =B9 -> - Thời gian: | I9: =D9 -> 0
B10: - Địa điểm: | D10: TTĐT MB | G10: =B10 -> - Địa điểm: | I10: =D10 -> TTĐT MB
B11: - Giáo viên: | G11: - Số học viên tham dự/tổng số học viên: | K11: =COUNTIF($L$14:$L57,"x")&"/"&COUNTA($L$14:$L57) -> 0/0
B12: STT | C12: Mã NV | D12: Họ tên | E12: Đơn vị | F12: Ghi chú | G12: STT | H12: Mã nhân viên | I12: Họ tên | K12: Đơn vị | L12: Ngày | M12: Ngày | N12: Ngày | O12: Ghi chú
L13: =I9 -> 0
B14: =ROW()-13 -> 1 | G14: =B14 -> 1 | H14: =C14 -> 0 | I14: =D14 -> 0 | K14: =E14 -> 0
B15: =ROW()-13 -> 2 | G15: =B15 -> 2 | H15: =C15 -> 0 | I15: =D15 -> 0 | K15: =E15 -> 0
B16: =ROW()-13 -> 3 | G16: =B16 -> 3 | H16: =C16 -> 0 | I16: =D16 -> 0 | K16: =E16 -> 0
B17: =ROW()-13 -> 4 | G17: =B17 -> 4 | H17: =C17 -> 0 | I17: =D17 -> 0 | K17: =E17 -> 0
B18: =ROW()-13 -> 5 | G18: =B18 -> 5 | H18: =C18 -> 0 | I18: =D18 -> 0 | K18: =E18 -> 0
B19: =ROW()-13 -> 6 | G19: =B19 -> 6 | H19: =C19 -> 0 | I19: =D19 -> 0 | K19: =E19 -> 0
B20: =ROW()-13 -> 7 | G20: =B20 -> 7 | H20: =C20 -> 0 | I20: =D20 -> 0 | K20: =E20 -> 0
B21: =ROW()-13 -> 8 | G21: =B21 -> 8 | H21: =C21 -> 0 | I21: =D21 -> 0 | K21: =E21 -> 0
B22: =ROW()-13 -> 9 | G22: =B22 -> 9 | H22: =C22 -> 0 | I22: =D22 -> 0 | K22: =E22 -> 0
B23: =ROW()-13 -> 10 | G23: =B23 -> 10 | H23: =C23 -> 0 | I23: =D23 -> 0 | K23: =E23 -> 0
B24: =ROW()-13 -> 11 | G24: =B24 -> 11 | H24: =C24 -> 0 | I24: =D24 -> 0 | K24: =E24 -> 0
B25: =ROW()-13 -> 12 | G25: =B25 -> 12 | H25: =C25 -> 0 | I25: =D25 -> 0 | K25: =E25 -> 0
... B43: =ROW()-13 -> 30 | G43: =B43 -> 30 | H43: =C43 -> 0 | I43: =D43 -> 0 | K43: =E43 -> 0
C44: Trưởng Trung tâm đào tạo | F44: Người lập | H44: Chữ ký giáo viên:
G46: Lưu ý:
G47: - Giáo viên điểm danh theo ngày và đánh dấu: X: có mặt; V: vắng mặt
C48: Nguyễn Chí Kiên | F48: Nguyễn Cao Bình | G48: - Trang thiết bị thực hành (áp dụng đối với nội dung thực hành Nghiệp vụ điều khiển/vận hành thiết bị):
G49: …………………………………………………………………………………............................................

Sheet 71
E2: DANH SÁCH HỌC VIÊN | J2: Biểu mẫu | N2: Mã số: V.TMM-F10
J3: ĐIỂM DANH HỌC VIÊN | N3: Ban hành: 04
N4: Hiệu lực: 28/12/2024
N5: Trang: 1/1
B7: - Môn/Khóa học: | G7: - Môn/Khóa học: | I7: =D7 -> 0
B8: - Loại hình/hình thức đào tạo: Định kỳ/Elearning+Trực tiếp | G8: =B8 -> - Loại hình/hình thức đào tạo: Định kỳ/Elearning+Trực tiếp
B9: - Thời gian: | G9: =B9 -> - Thời gian: | I9: =D9 -> 0
B10: - Địa điểm: | D10: TTĐT MB | G10: =B10 -> - Địa điểm: | I10: =D10 -> TTĐT MB
B11: - Giáo viên: | G11: - Số học viên tham dự/tổng số học viên: | K11: =COUNTIF($L$14:$L57,"x")&"/"&COUNTA($L$14:$L57) -> 0/0
B12: STT | C12: Mã NV | D12: Họ tên | E12: Đơn vị | F12: Ghi chú | G12: STT | H12: Mã nhân viên | I12: Họ tên | K12: Đơn vị | L12: Ngày | M12: Ngày | N12: Ngày | O12: Ghi chú
L13: =I9 -> 0
B14: =ROW()-13 -> 1 | G14: =B14 -> 1 | H14: =C14 -> 0 | I14: =D14 -> 0 | K14: =E14 -> 0
B15: =ROW()-13 -> 2 | G15: =B15 -> 2 | H15: =C15 -> 0 | I15: =D15 -> 0 | K15: =E15 -> 0
B16: =ROW()-13 -> 3 | G16: =B16 -> 3 | H16: =C16 -> 0 | I16: =D16 -> 0 | K16: =E16 -> 0
B17: =ROW()-13 -> 4 | G17: =B17 -> 4 | H17: =C17 -> 0 | I17: =D17 -> 0 | K17: =E17 -> 0
B18: =ROW()-13 -> 5 | G18: =B18 -> 5 | H18: =C18 -> 0 | I18: =D18 -> 0 | K18: =E18 -> 0
B19: =ROW()-13 -> 6 | G19: =B19 -> 6 | H19: =C19 -> 0 | I19: =D19 -> 0 | K19: =E19 -> 0
B20: =ROW()-13 -> 7 | G20: =B20 -> 7 | H20: =C20 -> 0 | I20: =D20 -> 0 | K20: =E20 -> 0
B21: =ROW()-13 -> 8 | G21: =B21 -> 8 | H21: =C21 -> 0 | I21: =D21 -> 0 | K21: =E21 -> 0
B22: =ROW()-13 -> 9 | G22: =B22 -> 9 | H22: =C22 -> 0 | I22: =D22 -> 0 | K22: =E22 -> 0
B23: =ROW()-13 -> 10 | G23: =B23 -> 10 | H23: =C23 -> 0 | I23: =D23 -> 0 | K23: =E23 -> 0
B24: =ROW()-13 -> 11 | G24: =B24 -> 11 | H24: =C24 -> 0 | I24: =D24 -> 0 | K24: =E24 -> 0
B25: =ROW()-13 -> 12 | G25: =B25 -> 12 | H25: =C25 -> 0 | I25: =D25 -> 0 | K25: =E25 -> 0
... B43: =ROW()-13 -> 30 | G43: =B43 -> 30 | H43: =C43 -> 0 | I43: =D43 -> 0 | K43: =E43 -> 0
C44: Trưởng Trung tâm đào tạo | F44: Người lập | H44: Chữ ký giáo viên:
G46: Lưu ý:
G47: - Giáo viên điểm danh theo ngày và đánh dấu: X: có mặt; V: vắng mặt
C48: Nguyễn Chí Kiên | F48: Nguyễn Cao Bình | G48: - Trang thiết bị thực hành (áp dụng đối với nội dung thực hành Nghiệp vụ điều khiển/vận hành thiết bị):
G49: …………………………………………………………………………………............................................

Sheet 72
E2: DANH SÁCH HỌC VIÊN | J2: Biểu mẫu | N2: Mã số: V.TMM-F10
J3: ĐIỂM DANH HỌC VIÊN | N3: Ban hành: 04
N4: Hiệu lực: 28/12/2024
N5: Trang: 1/1
B7: - Môn/Khóa học: | G7: - Môn/Khóa học: | I7: =D7 -> 0
B8: - Loại hình/hình thức đào tạo: Định kỳ/Elearning+Trực tiếp | G8: =B8 -> - Loại hình/hình thức đào tạo: Định kỳ/Elearning+Trực tiếp
B9: - Thời gian: | G9: =B9 -> - Thời gian: | I9: =D9 -> 0
B10: - Địa điểm: | D10: TTĐT MB | G10: =B10 -> - Địa điểm: | I10: =D10 -> TTĐT MB
B11: - Giáo viên: | G11: - Số học viên tham dự/tổng số học viên: | K11: =COUNTIF($L$14:$L57,"x")&"/"&COUNTA($L$14:$L57) -> 0/0
B12: STT | C12: Mã NV | D12: Họ tên | E12: Đơn vị | F12: Ghi chú | G12: STT | H12: Mã nhân viên | I12: Họ tên | K12: Đơn vị | L12: Ngày | M12: Ngày | N12: Ngày | O12: Ghi chú
L13: =I9 -> 0
B14: =ROW()-13 -> 1 | G14: =B14 -> 1 | H14: =C14 -> 0 | I14: =D14 -> 0 | K14: =E14 -> 0
B15: =ROW()-13 -> 2 | G15: =B15 -> 2 | H15: =C15 -> 0 | I15: =D15 -> 0 | K15: =E15 -> 0
B16: =ROW()-13 -> 3 | G16: =B16 -> 3 | H16: =C16 -> 0 | I16: =D16 -> 0 | K16: =E16 -> 0
B17: =ROW()-13 -> 4 | G17: =B17 -> 4 | H17: =C17 -> 0 | I17: =D17 -> 0 | K17: =E17 -> 0
B18: =ROW()-13 -> 5 | G18: =B18 -> 5 | H18: =C18 -> 0 | I18: =D18 -> 0 | K18: =E18 -> 0
B19: =ROW()-13 -> 6 | G19: =B19 -> 6 | H19: =C19 -> 0 | I19: =D19 -> 0 | K19: =E19 -> 0
B20: =ROW()-13 -> 7 | G20: =B20 -> 7 | H20: =C20 -> 0 | I20: =D20 -> 0 | K20: =E20 -> 0
B21: =ROW()-13 -> 8 | G21: =B21 -> 8 | H21: =C21 -> 0 | I21: =D21 -> 0 | K21: =E21 -> 0
B22: =ROW()-13 -> 9 | G22: =B22 -> 9 | H22: =C22 -> 0 | I22: =D22 -> 0 | K22: =E22 -> 0
B23: =ROW()-13 -> 10 | G23: =B23 -> 10 | H23: =C23 -> 0 | I23: =D23 -> 0 | K23: =E23 -> 0
B24: =ROW()-13 -> 11 | G24: =B24 -> 11 | H24: =C24 -> 0 | I24: =D24 -> 0 | K24: =E24 -> 0
B25: =ROW()-13 -> 12 | G25: =B25 -> 12 | H25: =C25 -> 0 | I25: =D25 -> 0 | K25: =E25 -> 0
... B43: =ROW()-13 -> 30 | G43: =B43 -> 30 | H43: =C43 -> 0 | I43: =D43 -> 0 | K43: =E43 -> 0
C44: Trưởng Trung tâm đào tạo | F44: Người lập | H44: Chữ ký giáo viên:
G46: Lưu ý:
G47: - Giáo viên điểm danh theo ngày và đánh dấu: X: có mặt; V: vắng mặt
C48: Nguyễn Chí Kiên | F48: Nguyễn Cao Bình | G48: - Trang thiết bị thực hành (áp dụng đối với nội dung thực hành Nghiệp vụ điều khiển/vận hành thiết bị):
G49: …………………………………………………………………………………............................................

Sheet 73
E2: DANH SÁCH HỌC VIÊN | J2: Biểu mẫu | N2: Mã số: V.TMM-F10
J3: ĐIỂM DANH HỌC VIÊN | N3: Ban hành: 04
N4: Hiệu lực: 28/12/2024
N5: Trang: 1/1
B7: - Môn/Khóa học: | G7: - Môn/Khóa học: | I7: =D7 -> 0
B8: - Loại hình/hình thức đào tạo: Định kỳ/Elearning+Trực tiếp | G8: =B8 -> - Loại hình/hình thức đào tạo: Định kỳ/Elearning+Trực tiếp
B9: - Thời gian: | G9: =B9 -> - Thời gian: | I9: =D9 -> 0
B10: - Địa điểm: | D10: TTĐT MB | G10: =B10 -> - Địa điểm: | I10: =D10 -> TTĐT MB
B11: - Giáo viên: | G11: - Số học viên tham dự/tổng số học viên: | K11: =COUNTIF($L$14:$L57,"x")&"/"&COUNTA($L$14:$L57) -> 0/0
B12: STT | C12: Mã NV | D12: Họ tên | E12: Đơn vị | F12: Ghi chú | G12: STT | H12: Mã nhân viên | I12: Họ tên | K12: Đơn vị | L12: Ngày | M12: Ngày | N12: Ngày | O12: Ghi chú
L13: =I9 -> 0
B14: =ROW()-13 -> 1 | G14: =B14 -> 1 | H14: =C14 -> 0 | I14: =D14 -> 0 | K14: =E14 -> 0
B15: =ROW()-13 -> 2 | G15: =B15 -> 2 | H15: =C15 -> 0 | I15: =D15 -> 0 | K15: =E15 -> 0
B16: =ROW()-13 -> 3 | G16: =B16 -> 3 | H16: =C16 -> 0 | I16: =D16 -> 0 | K16: =E16 -> 0
B17: =ROW()-13 -> 4 | G17: =B17 -> 4 | H17: =C17 -> 0 | I17: =D17 -> 0 | K17: =E17 -> 0
B18: =ROW()-13 -> 5 | G18: =B18 -> 5 | H18: =C18 -> 0 | I18: =D18 -> 0 | K18: =E18 -> 0
B19: =ROW()-13 -> 6 | G19: =B19 -> 6 | H19: =C19 -> 0 | I19: =D19 -> 0 | K19: =E19 -> 0
B20: =ROW()-13 -> 7 | G20: =B20 -> 7 | H20: =C20 -> 0 | I20: =D20 -> 0 | K20: =E20 -> 0
B21: =ROW()-13 -> 8 | G21: =B21 -> 8 | H21: =C21 -> 0 | I21: =D21 -> 0 | K21: =E21 -> 0
B22: =ROW()-13 -> 9 | G22: =B22 -> 9 | H22: =C22 -> 0 | I22: =D22 -> 0 | K22: =E22 -> 0
B23: =ROW()-13 -> 10 | G23: =B23 -> 10 | H23: =C23 -> 0 | I23: =D23 -> 0 | K23: =E23 -> 0
B24: =ROW()-13 -> 11 | G24: =B24 -> 11 | H24: =C24 -> 0 | I24: =D24 -> 0 | K24: =E24 -> 0
B25: =ROW()-13 -> 12 | G25: =B25 -> 12 | H25: =C25 -> 0 | I25: =D25 -> 0 | K25: =E25 -> 0
... B43: =ROW()-13 -> 30 | G43: =B43 -> 30 | H43: =C43 -> 0 | I43: =D43 -> 0 | K43: =E43 -> 0
C44: Trưởng Trung tâm đào tạo | F44: Người lập | H44: Chữ ký giáo viên:
G46: Lưu ý:
G47: - Giáo viên điểm danh theo ngày và đánh dấu: X: có mặt; V: vắng mặt
C48: Nguyễn Chí Kiên | F48: Nguyễn Cao Bình | G48: - Trang thiết bị thực hành (áp dụng đối với nội dung thực hành Nghiệp vụ điều khiển/vận hành thiết bị):
G49: …………………………………………………………………………………............................................

Sheet 74
E2: DANH SÁCH HỌC VIÊN | J2: Biểu mẫu | N2: Mã số: V.TMM-F10
J3: ĐIỂM DANH HỌC VIÊN | N3: Ban hành: 04
N4: Hiệu lực: 28/12/2024
N5: Trang: 1/1
B7: - Môn/Khóa học: | G7: - Môn/Khóa học: | I7: =D7 -> 0
B8: - Loại hình/hình thức đào tạo: Định kỳ/Elearning+Trực tiếp | G8: =B8 -> - Loại hình/hình thức đào tạo: Định kỳ/Elearning+Trực tiếp
B9: - Thời gian: | G9: =B9 -> - Thời gian: | I9: =D9 -> 0
B10: - Địa điểm: | D10: TTĐT MB | G10: =B10 -> - Địa điểm: | I10: =D10 -> TTĐT MB
B11: - Giáo viên: | G11: - Số học viên tham dự/tổng số học viên: | K11: =COUNTIF($L$14:$L57,"x")&"/"&COUNTA($L$14:$L57) -> 0/0
B12: STT | C12: Mã NV | D12: Họ tên | E12: Đơn vị | F12: Ghi chú | G12: STT | H12: Mã nhân viên | I12: Họ tên | K12: Đơn vị | L12: Ngày | M12: Ngày | N12: Ngày | O12: Ghi chú
L13: =I9 -> 0
B14: =ROW()-13 -> 1 | G14: =B14 -> 1 | H14: =C14 -> 0 | I14: =D14 -> 0 | K14: =E14 -> 0
B15: =ROW()-13 -> 2 | G15: =B15 -> 2 | H15: =C15 -> 0 | I15: =D15 -> 0 | K15: =E15 -> 0
B16: =ROW()-13 -> 3 | G16: =B16 -> 3 | H16: =C16 -> 0 | I16: =D16 -> 0 | K16: =E16 -> 0
B17: =ROW()-13 -> 4 | G17: =B17 -> 4 | H17: =C17 -> 0 | I17: =D17 -> 0 | K17: =E17 -> 0
B18: =ROW()-13 -> 5 | G18: =B18 -> 5 | H18: =C18 -> 0 | I18: =D18 -> 0 | K18: =E18 -> 0
B19: =ROW()-13 -> 6 | G19: =B19 -> 6 | H19: =C19 -> 0 | I19: =D19 -> 0 | K19: =E19 -> 0
B20: =ROW()-13 -> 7 | G20: =B20 -> 7 | H20: =C20 -> 0 | I20: =D20 -> 0 | K20: =E20 -> 0
B21: =ROW()-13 -> 8 | G21: =B21 -> 8 | H21: =C21 -> 0 | I21: =D21 -> 0 | K21: =E21 -> 0
B22: =ROW()-13 -> 9 | G22: =B22 -> 9 | H22: =C22 -> 0 | I22: =D22 -> 0 | K22: =E22 -> 0
B23: =ROW()-13 -> 10 | G23: =B23 -> 10 | H23: =C23 -> 0 | I23: =D23 -> 0 | K23: =E23 -> 0
B24: =ROW()-13 -> 11 | G24: =B24 -> 11 | H24: =C24 -> 0 | I24: =D24 -> 0 | K24: =E24 -> 0
B25: =ROW()-13 -> 12 | G25: =B25 -> 12 | H25: =C25 -> 0 | I25: =D25 -> 0 | K25: =E25 -> 0
... B43: =ROW()-13 -> 30 | G43: =B43 -> 30 | H43: =C43 -> 0 | I43: =D43 -> 0 | K43: =E43 -> 0
C44: Trưởng Trung tâm đào tạo | F44: Người lập | H44: Chữ ký giáo viên:
G46: Lưu ý:
G47: - Giáo viên điểm danh theo ngày và đánh dấu: X: có mặt; V: vắng mặt
C48: Nguyễn Chí Kiên | F48: Nguyễn Cao Bình | G48: - Trang thiết bị thực hành (áp dụng đối với nội dung thực hành Nghiệp vụ điều khiển/vận hành thiết bị):
G49: …………………………………………………………………………………............................................

Sheet 75
E2: DANH SÁCH HỌC VIÊN | J2: Biểu mẫu | N2: Mã số: V.TMM-F10
J3: ĐIỂM DANH HỌC VIÊN | N3: Ban hành: 04
N4: Hiệu lực: 28/12/2024
N5: Trang: 1/1
B7: - Môn/Khóa học: | G7: - Môn/Khóa học: | I7: =D7 -> 0
B8: - Loại hình/hình thức đào tạo: Định kỳ/Elearning+Trực tiếp | G8: =B8 -> - Loại hình/hình thức đào tạo: Định kỳ/Elearning+Trực tiếp
B9: - Thời gian: | G9: =B9 -> - Thời gian: | I9: =D9 -> 0
B10: - Địa điểm: | D10: TTĐT MB | G10: =B10 -> - Địa điểm: | I10: =D10 -> TTĐT MB
B11: - Giáo viên: | G11: - Số học viên tham dự/tổng số học viên: | K11: =COUNTIF($L$14:$L57,"x")&"/"&COUNTA($L$14:$L57) -> 0/0
B12: STT | C12: Mã NV | D12: Họ tên | E12: Đơn vị | F12: Ghi chú | G12: STT | H12: Mã nhân viên | I12: Họ tên | K12: Đơn vị | L12: Ngày | M12: Ngày | N12: Ngày | O12: Ghi chú
L13: =I9 -> 0
B14: =ROW()-13 -> 1 | G14: =B14 -> 1 | H14: =C14 -> 0 | I14: =D14 -> 0 | K14: =E14 -> 0
B15: =ROW()-13 -> 2 | G15: =B15 -> 2 | H15: =C15 -> 0 | I15: =D15 -> 0 | K15: =E15 -> 0
B16: =ROW()-13 -> 3 | G16: =B16 -> 3 | H16: =C16 -> 0 | I16: =D16 -> 0 | K16: =E16 -> 0
B17: =ROW()-13 -> 4 | G17: =B17 -> 4 | H17: =C17 -> 0 | I17: =D17 -> 0 | K17: =E17 -> 0
B18: =ROW()-13 -> 5 | G18: =B18 -> 5 | H18: =C18 -> 0 | I18: =D18 -> 0 | K18: =E18 -> 0
B19: =ROW()-13 -> 6 | G19: =B19 -> 6 | H19: =C19 -> 0 | I19: =D19 -> 0 | K19: =E19 -> 0
B20: =ROW()-13 -> 7 | G20: =B20 -> 7 | H20: =C20 -> 0 | I20: =D20 -> 0 | K20: =E20 -> 0
B21: =ROW()-13 -> 8 | G21: =B21 -> 8 | H21: =C21 -> 0 | I21: =D21 -> 0 | K21: =E21 -> 0
B22: =ROW()-13 -> 9 | G22: =B22 -> 9 | H22: =C22 -> 0 | I22: =D22 -> 0 | K22: =E22 -> 0
B23: =ROW()-13 -> 10 | G23: =B23 -> 10 | H23: =C23 -> 0 | I23: =D23 -> 0 | K23: =E23 -> 0
B24: =ROW()-13 -> 11 | G24: =B24 -> 11 | H24: =C24 -> 0 | I24: =D24 -> 0 | K24: =E24 -> 0
B25: =ROW()-13 -> 12 | G25: =B25 -> 12 | H25: =C25 -> 0 | I25: =D25 -> 0 | K25: =E25 -> 0
... B43: =ROW()-13 -> 30 | G43: =B43 -> 30 | H43: =C43 -> 0 | I43: =D43 -> 0 | K43: =E43 -> 0
C44: Trưởng Trung tâm đào tạo | F44: Người lập | H44: Chữ ký giáo viên:
G46: Lưu ý:
G47: - Giáo viên điểm danh theo ngày và đánh dấu: X: có mặt; V: vắng mặt
C48: Nguyễn Chí Kiên | F48: Nguyễn Cao Bình | G48: - Trang thiết bị thực hành (áp dụng đối với nội dung thực hành Nghiệp vụ điều khiển/vận hành thiết bị):
G49: …………………………………………………………………………………............................................

Sheet 76
E2: DANH SÁCH HỌC VIÊN | J2: Biểu mẫu | N2: Mã số: V.TMM-F10
J3: ĐIỂM DANH HỌC VIÊN | N3: Ban hành: 04
N4: Hiệu lực: 28/12/2024
N5: Trang: 1/1
B7: - Môn/Khóa học: | G7: - Môn/Khóa học: | I7: =D7 -> 0
B8: - Loại hình/hình thức đào tạo: Định kỳ/Elearning+Trực tiếp | G8: =B8 -> - Loại hình/hình thức đào tạo: Định kỳ/Elearning+Trực tiếp
B9: - Thời gian: | G9: =B9 -> - Thời gian: | I9: =D9 -> 0
B10: - Địa điểm: | D10: TTĐT MB | G10: =B10 -> - Địa điểm: | I10: =D10 -> TTĐT MB
B11: - Giáo viên: | G11: - Số học viên tham dự/tổng số học viên: | K11: =COUNTIF($L$14:$L57,"x")&"/"&COUNTA($L$14:$L57) -> 0/0
B12: STT | C12: Mã NV | D12: Họ tên | E12: Đơn vị | F12: Ghi chú | G12: STT | H12: Mã nhân viên | I12: Họ tên | K12: Đơn vị | L12: Ngày | M12: Ngày | N12: Ngày | O12: Ghi chú
L13: =I9 -> 0
B14: =ROW()-13 -> 1 | G14: =B14 -> 1 | H14: =C14 -> 0 | I14: =D14 -> 0 | K14: =E14 -> 0
B15: =ROW()-13 -> 2 | G15: =B15 -> 2 | H15: =C15 -> 0 | I15: =D15 -> 0 | K15: =E15 -> 0
B16: =ROW()-13 -> 3 | G16: =B16 -> 3 | H16: =C16 -> 0 | I16: =D16 -> 0 | K16: =E16 -> 0
B17: =ROW()-13 -> 4 | G17: =B17 -> 4 | H17: =C17 -> 0 | I17: =D17 -> 0 | K17: =E17 -> 0
B18: =ROW()-13 -> 5 | G18: =B18 -> 5 | H18: =C18 -> 0 | I18: =D18 -> 0 | K18: =E18 -> 0
B19: =ROW()-13 -> 6 | G19: =B19 -> 6 | H19: =C19 -> 0 | I19: =D19 -> 0 | K19: =E19 -> 0
B20: =ROW()-13 -> 7 | G20: =B20 -> 7 | H20: =C20 -> 0 | I20: =D20 -> 0 | K20: =E20 -> 0
B21: =ROW()-13 -> 8 | G21: =B21 -> 8 | H21: =C21 -> 0 | I21: =D21 -> 0 | K21: =E21 -> 0
B22: =ROW()-13 -> 9 | G22: =B22 -> 9 | H22: =C22 -> 0 | I22: =D22 -> 0 | K22: =E22 -> 0
B23: =ROW()-13 -> 10 | G23: =B23 -> 10 | H23: =C23 -> 0 | I23: =D23 -> 0 | K23: =E23 -> 0
B24: =ROW()-13 -> 11 | G24: =B24 -> 11 | H24: =C24 -> 0 | I24: =D24 -> 0 | K24: =E24 -> 0
B25: =ROW()-13 -> 12 | G25: =B25 -> 12 | H25: =C25 -> 0 | I25: =D25 -> 0 | K25: =E25 -> 0
... B43: =ROW()-13 -> 30 | G43: =B43 -> 30 | H43: =C43 -> 0 | I43: =D43 -> 0 | K43: =E43 -> 0
C44: Trưởng Trung tâm đào tạo | F44: Người lập | H44: Chữ ký giáo viên:
G46: Lưu ý:
G47: - Giáo viên điểm danh theo ngày và đánh dấu: X: có mặt; V: vắng mặt
C48: Nguyễn Chí Kiên | F48: Nguyễn Cao Bình | G48: - Trang thiết bị thực hành (áp dụng đối với nội dung thực hành Nghiệp vụ điều khiển/vận hành thiết bị):
G49: …………………………………………………………………………………............................................

Sheet 77
E2: DANH SÁCH HỌC VIÊN | J2: Biểu mẫu | N2: Mã số: V.TMM-F10
J3: ĐIỂM DANH HỌC VIÊN | N3: Ban hành: 04
N4: Hiệu lực: 28/12/2024
N5: Trang: 1/1
B7: - Môn/Khóa học: | G7: - Môn/Khóa học: | I7: =D7 -> 0
B8: - Loại hình/hình thức đào tạo: Định kỳ/Elearning+Trực tiếp | G8: =B8 -> - Loại hình/hình thức đào tạo: Định kỳ/Elearning+Trực tiếp
B9: - Thời gian: | G9: =B9 -> - Thời gian: | I9: =D9 -> 0
B10: - Địa điểm: | D10: TTĐT MB | G10: =B10 -> - Địa điểm: | I10: =D10 -> TTĐT MB
B11: - Giáo viên: | G11: - Số học viên tham dự/tổng số học viên: | K11: =COUNTIF($L$14:$L57,"x")&"/"&COUNTA($L$14:$L57) -> 0/0
B12: STT | C12: Mã NV | D12: Họ tên | E12: Đơn vị | F12: Ghi chú | G12: STT | H12: Mã nhân viên | I12: Họ tên | K12: Đơn vị | L12: Ngày | M12: Ngày | N12: Ngày | O12: Ghi chú
L13: =I9 -> 0
B14: =ROW()-13 -> 1 | G14: =B14 -> 1 | H14: =C14 -> 0 | I14: =D14 -> 0 | K14: =E14 -> 0
B15: =ROW()-13 -> 2 | G15: =B15 -> 2 | H15: =C15 -> 0 | I15: =D15 -> 0 | K15: =E15 -> 0
B16: =ROW()-13 -> 3 | G16: =B16 -> 3 | H16: =C16 -> 0 | I16: =D16 -> 0 | K16: =E16 -> 0
B17: =ROW()-13 -> 4 | G17: =B17 -> 4 | H17: =C17 -> 0 | I17: =D17 -> 0 | K17: =E17 -> 0
B18: =ROW()-13 -> 5 | G18: =B18 -> 5 | H18: =C18 -> 0 | I18: =D18 -> 0 | K18: =E18 -> 0
B19: =ROW()-13 -> 6 | G19: =B19 -> 6 | H19: =C19 -> 0 | I19: =D19 -> 0 | K19: =E19 -> 0
B20: =ROW()-13 -> 7 | G20: =B20 -> 7 | H20: =C20 -> 0 | I20: =D20 -> 0 | K20: =E20 -> 0
B21: =ROW()-13 -> 8 | G21: =B21 -> 8 | H21: =C21 -> 0 | I21: =D21 -> 0 | K21: =E21 -> 0
B22: =ROW()-13 -> 9 | G22: =B22 -> 9 | H22: =C22 -> 0 | I22: =D22 -> 0 | K22: =E22 -> 0
B23: =ROW()-13 -> 10 | G23: =B23 -> 10 | H23: =C23 -> 0 | I23: =D23 -> 0 | K23: =E23 -> 0
B24: =ROW()-13 -> 11 | G24: =B24 -> 11 | H24: =C24 -> 0 | I24: =D24 -> 0 | K24: =E24 -> 0
B25: =ROW()-13 -> 12 | G25: =B25 -> 12 | H25: =C25 -> 0 | I25: =D25 -> 0 | K25: =E25 -> 0
... B43: =ROW()-13 -> 30 | G43: =B43 -> 30 | H43: =C43 -> 0 | I43: =D43 -> 0 | K43: =E43 -> 0
C44: Trưởng Trung tâm đào tạo | F44: Người lập | H44: Chữ ký giáo viên:
G46: Lưu ý:
G47: - Giáo viên điểm danh theo ngày và đánh dấu: X: có mặt; V: vắng mặt
C48: Nguyễn Chí Kiên | F48: Nguyễn Cao Bình | G48: - Trang thiết bị thực hành (áp dụng đối với nội dung thực hành Nghiệp vụ điều khiển/vận hành thiết bị):
G49: …………………………………………………………………………………............................................

Sheet 78
E2: DANH SÁCH HỌC VIÊN | J2: Biểu mẫu | N2: Mã số: V.TMM-F10
J3: ĐIỂM DANH HỌC VIÊN | N3: Ban hành: 04
N4: Hiệu lực: 28/12/2024
N5: Trang: 1/1
B7: - Môn/Khóa học: | G7: - Môn/Khóa học: | I7: =D7 -> 0
B8: - Loại hình/hình thức đào tạo: Định kỳ/Elearning+Trực tiếp | G8: =B8 -> - Loại hình/hình thức đào tạo: Định kỳ/Elearning+Trực tiếp
B9: - Thời gian: | G9: =B9 -> - Thời gian: | I9: =D9 -> 0
B10: - Địa điểm: | D10: TTĐT MB | G10: =B10 -> - Địa điểm: | I10: =D10 -> TTĐT MB
B11: - Giáo viên: | G11: - Số học viên tham dự/tổng số học viên: | K11: =COUNTIF($L$14:$L57,"x")&"/"&COUNTA($L$14:$L57) -> 0/0
B12: STT | C12: Mã NV | D12: Họ tên | E12: Đơn vị | F12: Ghi chú | G12: STT | H12: Mã nhân viên | I12: Họ tên | K12: Đơn vị | L12: Ngày | M12: Ngày | N12: Ngày | O12: Ghi chú
L13: =I9 -> 0
B14: =ROW()-13 -> 1 | G14: =B14 -> 1 | H14: =C14 -> 0 | I14: =D14 -> 0 | K14: =E14 -> 0
B15: =ROW()-13 -> 2 | G15: =B15 -> 2 | H15: =C15 -> 0 | I15: =D15 -> 0 | K15: =E15 -> 0
B16: =ROW()-13 -> 3 | G16: =B16 -> 3 | H16: =C16 -> 0 | I16: =D16 -> 0 | K16: =E16 -> 0
B17: =ROW()-13 -> 4 | G17: =B17 -> 4 | H17: =C17 -> 0 | I17: =D17 -> 0 | K17: =E17 -> 0
B18: =ROW()-13 -> 5 | G18: =B18 -> 5 | H18: =C18 -> 0 | I18: =D18 -> 0 | K18: =E18 -> 0
B19: =ROW()-13 -> 6 | G19: =B19 -> 6 | H19: =C19 -> 0 | I19: =D19 -> 0 | K19: =E19 -> 0
B20: =ROW()-13 -> 7 | G20: =B20 -> 7 | H20: =C20 -> 0 | I20: =D20 -> 0 | K20: =E20 -> 0
B21: =ROW()-13 -> 8 | G21: =B21 -> 8 | H21: =C21 -> 0 | I21: =D21 -> 0 | K21: =E21 -> 0
B22: =ROW()-13 -> 9 | G22: =B22 -> 9 | H22: =C22 -> 0 | I22: =D22 -> 0 | K22: =E22 -> 0
B23: =ROW()-13 -> 10 | G23: =B23 -> 10 | H23: =C23 -> 0 | I23: =D23 -> 0 | K23: =E23 -> 0
B24: =ROW()-13 -> 11 | G24: =B24 -> 11 | H24: =C24 -> 0 | I24: =D24 -> 0 | K24: =E24 -> 0
B25: =ROW()-13 -> 12 | G25: =B25 -> 12 | H25: =C25 -> 0 | I25: =D25 -> 0 | K25: =E25 -> 0
... B43: =ROW()-13 -> 30 | G43: =B43 -> 30 | H43: =C43 -> 0 | I43: =D43 -> 0 | K43: =E43 -> 0
C44: Trưởng Trung tâm đào tạo | F44: Người lập | H44: Chữ ký giáo viên:
G46: Lưu ý:
G47: - Giáo viên điểm danh theo ngày và đánh dấu: X: có mặt; V: vắng mặt
C48: Nguyễn Chí Kiên | F48: Nguyễn Cao Bình | G48: - Trang thiết bị thực hành (áp dụng đối với nội dung thực hành Nghiệp vụ điều khiển/vận hành thiết bị):
G49: …………………………………………………………………………………............................................

Sheet 79
E2: DANH SÁCH HỌC VIÊN | J2: Biểu mẫu | N2: Mã số: V.TMM-F10
J3: ĐIỂM DANH HỌC VIÊN | N3: Ban hành: 04
N4: Hiệu lực: 28/12/2024
N5: Trang: 1/1
B7: - Môn/Khóa học: | G7: - Môn/Khóa học: | I7: =D7 -> 0
B8: - Loại hình/hình thức đào tạo: Định kỳ/Elearning+Trực tiếp | G8: =B8 -> - Loại hình/hình thức đào tạo: Định kỳ/Elearning+Trực tiếp
B9: - Thời gian: | G9: =B9 -> - Thời gian: | I9: =D9 -> 0
B10: - Địa điểm: | D10: TTĐT MB | G10: =B10 -> - Địa điểm: | I10: =D10 -> TTĐT MB
B11: - Giáo viên: | G11: - Số học viên tham dự/tổng số học viên: | K11: =COUNTIF($L$14:$L57,"x")&"/"&COUNTA($L$14:$L57) -> 0/0
B12: STT | C12: Mã NV | D12: Họ tên | E12: Đơn vị | F12: Ghi chú | G12: STT | H12: Mã nhân viên | I12: Họ tên | K12: Đơn vị | L12: Ngày | M12: Ngày | N12: Ngày | O12: Ghi chú
L13: =I9 -> 0
B14: =ROW()-13 -> 1 | G14: =B14 -> 1 | H14: =C14 -> 0 | I14: =D14 -> 0 | K14: =E14 -> 0
B15: =ROW()-13 -> 2 | G15: =B15 -> 2 | H15: =C15 -> 0 | I15: =D15 -> 0 | K15: =E15 -> 0
B16: =ROW()-13 -> 3 | G16: =B16 -> 3 | H16: =C16 -> 0 | I16: =D16 -> 0 | K16: =E16 -> 0
B17: =ROW()-13 -> 4 | G17: =B17 -> 4 | H17: =C17 -> 0 | I17: =D17 -> 0 | K17: =E17 -> 0
B18: =ROW()-13 -> 5 | G18: =B18 -> 5 | H18: =C18 -> 0 | I18: =D18 -> 0 | K18: =E18 -> 0
B19: =ROW()-13 -> 6 | G19: =B19 -> 6 | H19: =C19 -> 0 | I19: =D19 -> 0 | K19: =E19 -> 0
B20: =ROW()-13 -> 7 | G20: =B20 -> 7 | H20: =C20 -> 0 | I20: =D20 -> 0 | K20: =E20 -> 0
B21: =ROW()-13 -> 8 | G21: =B21 -> 8 | H21: =C21 -> 0 | I21: =D21 -> 0 | K21: =E21 -> 0
B22: =ROW()-13 -> 9 | G22: =B22 -> 9 | H22: =C22 -> 0 | I22: =D22 -> 0 | K22: =E22 -> 0
B23: =ROW()-13 -> 10 | G23: =B23 -> 10 | H23: =C23 -> 0 | I23: =D23 -> 0 | K23: =E23 -> 0
B24: =ROW()-13 -> 11 | G24: =B24 -> 11 | H24: =C24 -> 0 | I24: =D24 -> 0 | K24: =E24 -> 0
B25: =ROW()-13 -> 12 | G25: =B25 -> 12 | H25: =C25 -> 0 | I25: =D25 -> 0 | K25: =E25 -> 0
... B43: =ROW()-13 -> 30 | G43: =B43 -> 30 | H43: =C43 -> 0 | I43: =D43 -> 0 | K43: =E43 -> 0
C44: Trưởng Trung tâm đào tạo | F44: Người lập | H44: Chữ ký giáo viên:
G46: Lưu ý:
G47: - Giáo viên điểm danh theo ngày và đánh dấu: X: có mặt; V: vắng mặt
C48: Nguyễn Chí Kiên | F48: Nguyễn Cao Bình | G48: - Trang thiết bị thực hành (áp dụng đối với nội dung thực hành Nghiệp vụ điều khiển/vận hành thiết bị):
G49: …………………………………………………………………………………............................................

Sheet 80
E2: DANH SÁCH HỌC VIÊN | J2: Biểu mẫu | N2: Mã số: V.TMM-F10
J3: ĐIỂM DANH HỌC VIÊN | N3: Ban hành: 04
N4: Hiệu lực: 28/12/2024
N5: Trang: 1/1
B7: - Môn/Khóa học: | G7: - Môn/Khóa học: | I7: =D7 -> 0
B8: - Loại hình/hình thức đào tạo: Định kỳ/Elearning+Trực tiếp | G8: =B8 -> - Loại hình/hình thức đào tạo: Định kỳ/Elearning+Trực tiếp
B9: - Thời gian: | G9: =B9 -> - Thời gian: | I9: =D9 -> 0
B10: - Địa điểm: | D10: TTĐT MB | G10: =B10 -> - Địa điểm: | I10: =D10 -> TTĐT MB
B11: - Giáo viên: | G11: - Số học viên tham dự/tổng số học viên: | K11: =COUNTIF($L$14:$L57,"x")&"/"&COUNTA($L$14:$L57) -> 0/0
B12: STT | C12: Mã NV | D12: Họ tên | E12: Đơn vị | F12: Ghi chú | G12: STT | H12: Mã nhân viên | I12: Họ tên | K12: Đơn vị | L12: Ngày | M12: Ngày | N12: Ngày | O12: Ghi chú
L13: =I9 -> 0
B14: =ROW()-13 -> 1 | G14: =B14 -> 1 | H14: =C14 -> 0 | I14: =D14 -> 0 | K14: =E14 -> 0
B15: =ROW()-13 -> 2 | G15: =B15 -> 2 | H15: =C15 -> 0 | I15: =D15 -> 0 | K15: =E15 -> 0
B16: =ROW()-13 -> 3 | G16: =B16 -> 3 | H16: =C16 -> 0 | I16: =D16 -> 0 | K16: =E16 -> 0
B17: =ROW()-13 -> 4 | G17: =B17 -> 4 | H17: =C17 -> 0 | I17: =D17 -> 0 | K17: =E17 -> 0
B18: =ROW()-13 -> 5 | G18: =B18 -> 5 | H18: =C18 -> 0 | I18: =D18 -> 0 | K18: =E18 -> 0
B19: =ROW()-13 -> 6 | G19: =B19 -> 6 | H19: =C19 -> 0 | I19: =D19 -> 0 | K19: =E19 -> 0
B20: =ROW()-13 -> 7 | G20: =B20 -> 7 | H20: =C20 -> 0 | I20: =D20 -> 0 | K20: =E20 -> 0
B21: =ROW()-13 -> 8 | G21: =B21 -> 8 | H21: =C21 -> 0 | I21: =D21 -> 0 | K21: =E21 -> 0
B22: =ROW()-13 -> 9 | G22: =B22 -> 9 | H22: =C22 -> 0 | I22: =D22 -> 0 | K22: =E22 -> 0
B23: =ROW()-13 -> 10 | G23: =B23 -> 10 | H23: =C23 -> 0 | I23: =D23 -> 0 | K23: =E23 -> 0
B24: =ROW()-13 -> 11 | G24: =B24 -> 11 | H24: =C24 -> 0 | I24: =D24 -> 0 | K24: =E24 -> 0
B25: =ROW()-13 -> 12 | G25: =B25 -> 12 | H25: =C25 -> 0 | I25: =D25 -> 0 | K25: =E25 -> 0
... B43: =ROW()-13 -> 30 | G43: =B43 -> 30 | H43: =C43 -> 0 | I43: =D43 -> 0 | K43: =E43 -> 0
C44: Trưởng Trung tâm đào tạo | F44: Người lập | H44: Chữ ký giáo viên:
G46: Lưu ý:
G47: - Giáo viên điểm danh theo ngày và đánh dấu: X: có mặt; V: vắng mặt
C48: Nguyễn Chí Kiên | F48: Nguyễn Cao Bình | G48: - Trang thiết bị thực hành (áp dụng đối với nội dung thực hành Nghiệp vụ điều khiển/vận hành thiết bị):
G49: …………………………………………………………………………………............................................
